airport_code,date,hour,temperature,precipitation,wind_speed,weather_code
ATL,2026-01-01,0,6.7,0.0,12.1,0
ATL,2026-01-01,1,6.1,0.0,12.1,1
ATL,2026-01-01,2,5.5,0.0,13.0,0
ATL,2026-01-01,3,5.0,0.0,14.1,0
ATL,2026-01-01,4,4.4,0.0,14.1,0
ATL,2026-01-01,5,4.0,0.0,14.1,0
ATL,2026-01-01,6,3.0,0.0,13.7,0
ATL,2026-01-01,7,2.6,0.0,12.8,0
ATL,2026-01-01,8,2.6,0.0,13.4,0
ATL,2026-01-01,9,2.4,0.0,13.3,0
ATL,2026-01-01,10,2.3,0.0,12.1,0
ATL,2026-01-01,11,2.2,0.0,10.9,0
ATL,2026-01-01,12,3.1,0.0,13.3,0
ATL,2026-01-01,13,2.7,0.0,12.6,0
ATL,2026-01-01,14,4.3,0.0,11.6,0
ATL,2026-01-01,15,6.8,0.0,9.3,0
ATL,2026-01-01,16,9.5,0.0,8.8,0
ATL,2026-01-01,17,11.8,0.0,9.2,0
ATL,2026-01-01,18,14.3,0.0,11.3,0
ATL,2026-01-01,19,15.6,0.0,11.0,0
ATL,2026-01-01,20,16.2,0.0,12.3,0
ATL,2026-01-01,21,16.2,0.0,13.1,0
ATL,2026-01-01,22,15.2,0.0,10.8,0
ATL,2026-01-01,23,12.9,0.0,10.1,0
ATL,2026-01-02,0,11.7,0.0,11.2,1
ATL,2026-01-02,1,10.9,0.0,13.3,2
ATL,2026-01-02,2,10.2,0.0,14.7,2
ATL,2026-01-02,3,9.5,0.0,14.1,2
ATL,2026-01-02,4,9.0,0.0,14.0,3
ATL,2026-01-02,5,8.6,0.0,13.7,3
ATL,2026-01-02,6,7.8,0.0,13.5,3
ATL,2026-01-02,7,7.4,0.0,13.5,3
ATL,2026-01-02,8,7.4,0.0,13.7,3
ATL,2026-01-02,9,7.2,0.0,13.7,3
ATL,2026-01-02,10,7.3,0.0,13.7,3
ATL,2026-01-02,11,7.3,0.0,13.2,3
ATL,2026-01-02,12,7.0,0.0,12.6,3
ATL,2026-01-02,13,7.1,0.0,11.8,3
ATL,2026-01-02,14,8.4,0.0,11.5,3
ATL,2026-01-02,15,10.4,0.0,8.8,3
ATL,2026-01-02,16,12.6,0.0,9.4,3
ATL,2026-01-02,17,14.3,0.0,10.3,3
ATL,2026-01-02,18,15.3,0.0,9.5,3
ATL,2026-01-02,19,15.3,0.0,8.9,3
ATL,2026-01-02,20,15.2,0.0,9.9,3
ATL,2026-01-02,21,15.3,0.0,9.6,2
ATL,2026-01-02,22,14.3,0.3,7.8,51
ATL,2026-01-02,23,13.1,0.0,8.4,3
ATL,2026-01-03,0,13.1,0.0,8.8,3
ATL,2026-01-03,1,12.9,0.5,4.4,53
ATL,2026-01-03,2,12.1,1.3,4.1,61
ATL,2026-01-03,3,11.7,3.3,6.2,63
ATL,2026-01-03,4,11.5,2.1,9.4,61
ATL,2026-01-03,5,11.2,0.8,10.6,53
ATL,2026-01-03,6,11.0,1.4,9.7,61
ATL,2026-01-03,7,10.9,1.1,8.2,55
ATL,2026-01-03,8,10.7,1.4,9.2,61
ATL,2026-01-03,9,10.7,0.2,10.1,51
ATL,2026-01-03,10,10.6,0.0,9.4,3
ATL,2026-01-03,11,10.6,0.0,8.4,3
ATL,2026-01-03,12,10.3,0.0,6.8,3
ATL,2026-01-03,13,10.4,0.0,5.5,3
ATL,2026-01-03,14,10.7,0.2,7.8,51
ATL,2026-01-03,15,11.2,0.0,8.2,3
ATL,2026-01-03,16,12.1,0.0,8.9,3
ATL,2026-01-03,17,12.8,0.0,9.3,3
ATL,2026-01-03,18,12.6,0.0,9.0,3
ATL,2026-01-03,19,12.7,0.1,8.3,51
ATL,2026-01-03,20,13.0,0.0,8.5,3
ATL,2026-01-03,21,12.8,0.0,9.4,3
ATL,2026-01-03,22,12.6,0.0,8.4,3
ATL,2026-01-03,23,12.1,0.0,4.2,3
ATL,2026-01-04,0,10.7,0.0,1.1,0
ATL,2026-01-04,1,10.3,0.0,0.6,1
ATL,2026-01-04,2,10.0,0.0,6.7,0
ATL,2026-01-04,3,9.1,0.0,4.4,0
ATL,2026-01-04,4,8.7,0.0,4.8,0
ATL,2026-01-04,5,7.7,0.0,2.8,0
ATL,2026-01-04,6,6.9,0.0,0.8,3
ATL,2026-01-04,7,6.7,0.0,2.9,3
ATL,2026-01-04,8,6.6,0.0,3.8,3
ATL,2026-01-04,9,6.2,0.0,4.5,3
ATL,2026-01-04,10,6.2,0.0,5.5,3
ATL,2026-01-04,11,6.2,0.0,8.2,3
ATL,2026-01-04,12,6.1,0.0,8.4,3
ATL,2026-01-04,13,6.3,0.0,7.4,3
ATL,2026-01-04,14,6.9,0.0,8.3,3
ATL,2026-01-04,15,7.8,0.0,7.3,3
ATL,2026-01-04,16,10.0,0.0,3.7,1
ATL,2026-01-04,17,12.6,0.0,4.0,0
ATL,2026-01-04,18,14.1,0.0,4.7,0
ATL,2026-01-04,19,15.3,0.0,2.9,0
ATL,2026-01-04,20,15.9,0.0,3.1,1
ATL,2026-01-04,21,15.9,0.0,3.9,3
ATL,2026-01-04,22,15.0,0.0,1.5,3
ATL,2026-01-04,23,12.9,0.0,1.0,3
ATL,2026-01-05,0,11.8,0.0,0.7,3
ATL,2026-01-05,1,10.8,0.0,3.8,3
ATL,2026-01-05,2,10.4,0.0,5.8,3
ATL,2026-01-05,3,9.5,0.0,4.0,3
ATL,2026-01-05,4,9.1,0.0,4.7,3
ATL,2026-01-05,5,8.6,0.0,7.2,3
ATL,2026-01-05,6,7.9,0.0,7.0,3
ATL,2026-01-05,7,7.5,0.0,5.9,3
ATL,2026-01-05,8,7.4,0.0,5.3,3
ATL,2026-01-05,9,6.9,0.0,4.9,0
ATL,2026-01-05,10,6.2,0.0,6.6,3
ATL,2026-01-05,11,5.9,0.0,7.3,3
ATL,2026-01-05,12,5.7,0.0,6.6,0
ATL,2026-01-05,13,5.6,0.0,8.9,2
ATL,2026-01-05,14,6.9,0.0,7.4,3
ATL,2026-01-05,15,9.5,0.0,8.4,0
ATL,2026-01-05,16,12.5,0.0,5.7,0
ATL,2026-01-05,17,14.7,0.0,5.0,0
ATL,2026-01-05,18,15.9,0.0,7.8,2
ATL,2026-01-05,19,17.3,0.0,9.8,1
ATL,2026-01-05,20,17.9,0.0,11.3,2
ATL,2026-01-05,21,17.4,0.0,10.9,0
ATL,2026-01-05,22,16.2,0.0,9.0,0
ATL,2026-01-05,23,13.9,0.0,10.2,1
ATL,2026-01-06,0,11.9,0.0,10.3,1
ATL,2026-01-06,1,11.1,0.0,10.2,3
ATL,2026-01-06,2,11.0,0.0,10.9,2
ATL,2026-01-06,3,10.1,0.0,9.7,3
ATL,2026-01-06,4,9.4,0.0,7.9,3
ATL,2026-01-06,5,8.8,0.0,7.4,3
ATL,2026-01-06,6,8.6,0.0,7.1,2
ATL,2026-01-06,7,8.3,0.0,8.0,3
ATL,2026-01-06,8,8.6,0.0,8.7,3
ATL,2026-01-06,9,8.6,0.0,8.5,3
ATL,2026-01-06,10,8.7,0.0,8.2,3
ATL,2026-01-06,11,8.9,0.0,8.9,3
ATL,2026-01-06,12,9.2,0.0,10.0,3
ATL,2026-01-06,13,9.7,0.0,10.0,3
ATL,2026-01-06,14,10.6,0.0,10.7,3
ATL,2026-01-06,15,11.6,0.0,11.2,3
ATL,2026-01-06,16,12.5,0.0,12.1,3
ATL,2026-01-06,17,14.1,0.0,14.7,3
ATL,2026-01-06,18,15.5,0.0,18.1,3
ATL,2026-01-06,19,15.3,0.0,15.7,3
ATL,2026-01-06,20,15.1,0.1,14.3,51
ATL,2026-01-06,21,15.6,0.0,9.4,3
ATL,2026-01-06,22,16.0,0.1,13.6,51
ATL,2026-01-06,23,15.6,0.1,13.7,51
ATL,2026-01-07,0,15.4,0.0,13.9,3
ATL,2026-01-07,1,15.7,0.0,12.4,3
ATL,2026-01-07,2,15.5,0.0,11.5,3
ATL,2026-01-07,3,15.6,0.0,9.9,1
ATL,2026-01-07,4,14.5,0.0,9.4,3
ATL,2026-01-07,5,14.7,0.0,9.3,3
ATL,2026-01-07,6,13.9,0.1,8.2,51
ATL,2026-01-07,7,13.6,0.1,9.4,51
ATL,2026-01-07,8,14.0,0.1,9.6,51
ATL,2026-01-07,9,14.0,0.0,9.4,3
ATL,2026-01-07,10,13.9,0.1,8.5,51
ATL,2026-01-07,11,13.8,0.0,6.7,3
ATL,2026-01-07,12,13.9,0.1,4.7,51
ATL,2026-01-07,13,13.0,0.0,3.5,0
ATL,2026-01-07,14,14.1,0.0,6.8,1
ATL,2026-01-07,15,16.3,0.0,5.3,3
ATL,2026-01-07,16,18.2,0.0,7.6,0
ATL,2026-01-07,17,19.4,0.0,8.9,0
ATL,2026-01-07,18,19.8,0.0,9.4,3
ATL,2026-01-07,19,20.6,0.0,8.8,3
ATL,2026-01-07,20,21.1,0.0,7.6,3
ATL,2026-01-07,21,21.5,0.0,6.4,3
ATL,2026-01-07,22,20.3,0.0,4.6,1
ATL,2026-01-07,23,18.0,0.0,6.4,1
ATL,2026-01-08,0,16.2,0.0,0.9,3
ATL,2026-01-08,1,15.3,0.0,0.8,3
ATL,2026-01-08,2,14.0,0.0,2.9,3
ATL,2026-01-08,3,13.1,0.0,4.7,3
ATL,2026-01-08,4,13.0,0.0,5.9,3
ATL,2026-01-08,5,12.6,0.0,5.6,3
ATL,2026-01-08,6,11.5,0.0,5.4,3
ATL,2026-01-08,7,10.9,0.0,4.0,3
ATL,2026-01-08,8,10.8,0.0,6.4,3
ATL,2026-01-08,9,10.6,0.0,7.5,3
ATL,2026-01-08,10,10.4,0.0,8.7,3
ATL,2026-01-08,11,10.3,0.0,8.3,3
ATL,2026-01-08,12,10.3,0.0,9.5,3
ATL,2026-01-08,13,10.3,0.0,9.8,3
ATL,2026-01-08,14,11.8,0.0,10.7,3
ATL,2026-01-08,15,14.2,0.0,8.4,3
ATL,2026-01-08,16,16.2,0.0,8.5,3
ATL,2026-01-08,17,18.2,0.0,10.1,3
ATL,2026-01-08,18,20.1,0.0,12.3,3
ATL,2026-01-08,19,20.9,0.0,14.2,3
ATL,2026-01-08,20,20.7,0.0,13.4,3
ATL,2026-01-08,21,20.9,0.0,12.5,3
ATL,2026-01-08,22,19.7,0.0,10.6,3
ATL,2026-01-08,23,18.2,0.0,12.5,3
ATL,2026-01-09,0,16.8,0.0,10.5,3
ATL,2026-01-09,1,16.5,0.0,13.0,3
ATL,2026-01-09,2,16.2,0.0,14.4,3
ATL,2026-01-09,3,15.5,0.0,10.9,3
ATL,2026-01-09,4,16.0,0.0,11.5,3
ATL,2026-01-09,5,16.2,0.1,12.3,51
ATL,2026-01-09,6,15.8,0.0,12.7,1
ATL,2026-01-09,7,15.6,0.1,13.5,51
ATL,2026-01-09,8,15.5,0.0,12.6,3
ATL,2026-01-09,9,15.4,0.0,14.6,3
ATL,2026-01-09,10,15.2,0.0,15.5,3
ATL,2026-01-09,11,14.7,0.0,13.6,3
ATL,2026-01-09,12,15.0,0.0,15.4,3
ATL,2026-01-09,13,15.1,0.0,14.4,3
ATL,2026-01-09,14,15.9,0.0,14.3,3
ATL,2026-01-09,15,16.7,0.0,16.4,3
ATL,2026-01-09,16,17.3,0.0,15.7,3
ATL,2026-01-09,17,19.2,0.0,20.4,3
ATL,2026-01-09,18,20.7,0.0,17.8,3
ATL,2026-01-09,19,21.3,0.0,14.3,3
ATL,2026-01-09,20,21.3,0.0,10.0,3
ATL,2026-01-09,21,20.9,0.2,5.2,51
ATL,2026-01-09,22,18.4,1.9,7.2,61
ATL,2026-01-09,23,17.8,3.1,3.1,63
ATL,2026-01-10,0,17.3,2.7,11.8,63
ATL,2026-01-10,1,17.2,1.1,8.2,55
ATL,2026-01-10,2,16.9,0.5,10.6,53
ATL,2026-01-10,3,16.5,3.0,11.5,63
ATL,2026-01-10,4,16.7,3.3,7.9,63
ATL,2026-01-10,5,16.3,0.2,10.0,51
ATL,2026-01-10,6,17.0,6.4,12.3,63
ATL,2026-01-10,7,17.0,0.2,14.0,51
ATL,2026-01-10,8,17.5,1.4,15.4,61
ATL,2026-01-10,9,18.6,0.0,20.2,3
ATL,2026-01-10,10,18.4,0.0,22.0,3
ATL,2026-01-10,11,18.2,0.0,20.1,3
ATL,2026-01-10,12,19.1,0.0,21.3,3
ATL,2026-01-10,13,19.2,0.1,21.4,51
ATL,2026-01-10,14,19.7,0.2,22.5,51
ATL,2026-01-10,15,20.1,0.5,27.8,53
ATL,2026-01-10,16,20.0,0.7,24.0,53
ATL,2026-01-10,17,20.4,2.7,23.2,63
ATL,2026-01-10,18,18.9,0.6,24.6,53
ATL,2026-01-10,19,18.9,0.2,22.1,51
ATL,2026-01-10,20,19.5,0.1,21.7,51
ATL,2026-01-10,21,18.6,0.4,18.4,51
ATL,2026-01-10,22,18.3,0.1,17.1,51
ATL,2026-01-10,23,17.5,0.1,14.9,51
ATL,2026-01-11,0,17.1,0.0,14.3,3
ATL,2026-01-11,1,17.1,0.0,13.6,3
ATL,2026-01-11,2,16.8,0.1,15.0,51
ATL,2026-01-11,3,15.4,0.2,18.0,51
ATL,2026-01-11,4,14.0,0.0,16.7,3
ATL,2026-01-11,5,12.6,0.0,18.1,3
ATL,2026-01-11,6,11.7,0.0,18.0,2
ATL,2026-01-11,7,10.9,0.0,19.1,3
ATL,2026-01-11,8,10.2,0.0,20.6,3
ATL,2026-01-11,9,9.2,0.0,22.6,3
ATL,2026-01-11,10,8.0,0.0,22.1,2
ATL,2026-01-11,11,6.9,0.0,16.7,0
ATL,2026-01-11,12,5.5,0.0,17.0,1
ATL,2026-01-11,13,4.8,0.0,15.8,2
ATL,2026-01-11,14,5.5,0.0,15.6,0
ATL,2026-01-11,15,7.0,0.0,18.0,1
ATL,2026-01-11,16,8.2,0.0,22.3,0
ATL,2026-01-11,17,8.7,0.0,28.5,0
ATL,2026-01-11,18,9.2,0.0,24.6,1
ATL,2026-01-11,19,9.0,0.0,24.1,0
ATL,2026-01-11,20,8.2,0.0,22.7,0
ATL,2026-01-11,21,7.3,0.0,23.7,0
ATL,2026-01-11,22,5.9,0.0,22.5,0
ATL,2026-01-11,23,4.2,0.0,20.1,0
ATL,2026-01-12,0,3.5,0.0,19.6,0
ATL,2026-01-12,1,2.5,0.0,19.6,0
ATL,2026-01-12,2,1.8,0.0,17.3,0
ATL,2026-01-12,3,1.3,0.0,13.8,0
ATL,2026-01-12,4,0.8,0.0,13.1,0
ATL,2026-01-12,5,0.3,0.0,12.8,0
ATL,2026-01-12,6,-0.7,0.0,12.5,2
ATL,2026-01-12,7,-1.1,0.0,11.8,0
ATL,2026-01-12,8,-1.5,0.0,10.8,0
ATL,2026-01-12,9,-1.9,0.0,10.0,0
ATL,2026-01-12,10,-2.2,0.0,9.1,0
ATL,2026-01-12,11,-2.5,0.0,7.0,1
ATL,2026-01-12,12,-3.0,0.0,7.9,1
ATL,2026-01-12,13,-3.0,0.0,9.1,3
ATL,2026-01-12,14,-1.6,0.0,5.2,3
ATL,2026-01-12,15,0.7,0.0,2.1,2
ATL,2026-01-12,16,3.3,0.0,0.6,0
ATL,2026-01-12,17,5.4,0.0,2.7,1
ATL,2026-01-12,18,6.8,0.0,2.1,3
ATL,2026-01-12,19,8.2,0.0,2.4,3
ATL,2026-01-12,20,8.8,0.0,2.7,3
ATL,2026-01-12,21,9.0,0.0,3.5,3
ATL,2026-01-12,22,8.4,0.0,2.2,2
ATL,2026-01-12,23,6.8,0.0,0.7,1
ATL,2026-01-13,0,5.9,0.0,2.5,3
ATL,2026-01-13,1,5.4,0.0,6.5,3
ATL,2026-01-13,2,4.6,0.0,7.9,3
ATL,2026-01-13,3,4.0,0.0,7.2,3
ATL,2026-01-13,4,3.2,0.0,5.9,3
ATL,2026-01-13,5,2.3,0.0,4.6,0
ATL,2026-01-13,6,0.7,0.0,5.8,0
ATL,2026-01-13,7,0.3,0.0,6.8,0
ATL,2026-01-13,8,0.0,0.0,7.3,0
ATL,2026-01-13,9,-0.2,0.0,7.2,0
ATL,2026-01-13,10,-0.5,0.0,5.6,0
ATL,2026-01-13,11,-0.6,0.0,7.7,0
ATL,2026-01-13,12,-0.9,0.0,8.4,0
ATL,2026-01-13,13,-0.7,0.0,8.7,0
ATL,2026-01-13,14,1.5,0.0,8.3,0
ATL,2026-01-13,15,4.4,0.0,6.0,0
ATL,2026-01-13,16,7.1,0.0,6.3,0
ATL,2026-01-13,17,9.2,0.0,6.6,0
ATL,2026-01-13,18,12.0,0.0,5.6,0
ATL,2026-01-13,19,13.4,0.0,5.8,0
ATL,2026-01-13,20,14.2,0.0,6.7,0
ATL,2026-01-13,21,14.2,0.0,7.5,0
ATL,2026-01-13,22,12.6,0.0,6.3,0
ATL,2026-01-13,23,9.9,0.0,9.0,0
ATL,2026-01-14,0,9.1,0.0,11.0,0
ATL,2026-01-14,1,8.4,0.0,11.6,0
ATL,2026-01-14,2,7.6,0.0,12.1,1
ATL,2026-01-14,3,6.9,0.0,11.7,3
ATL,2026-01-14,4,6.1,0.0,13.1,3
ATL,2026-01-14,5,5.6,0.0,12.5,3
ATL,2026-01-14,6,5.6,0.0,11.9,3
ATL,2026-01-14,7,5.4,0.0,11.6,3
ATL,2026-01-14,8,5.1,0.0,12.8,3
ATL,2026-01-14,9,5.9,0.0,12.3,3
ATL,2026-01-14,10,6.2,0.0,15.0,3
ATL,2026-01-14,11,6.2,0.4,13.2,51
ATL,2026-01-14,12,6.7,0.2,12.6,51
ATL,2026-01-14,13,6.8,0.0,12.6,3
ATL,2026-01-14,14,6.6,0.1,14.7,51
ATL,2026-01-14,15,6.8,1.0,14.7,55
ATL,2026-01-14,16,6.3,0.9,15.2,53
ATL,2026-01-14,17,7.2,0.4,18.1,51
ATL,2026-01-14,18,8.2,0.0,19.3,3
ATL,2026-01-14,19,9.9,0.1,22.4,51
ATL,2026-01-14,20,11.2,0.0,21.5,3
ATL,2026-01-14,21,11.6,0.0,22.5,3
ATL,2026-01-14,22,10.3,0.0,16.6,3
ATL,2026-01-14,23,8.6,0.4,16.5,51
ATL,2026-01-15,0,8.0,0.1,16.0,51
ATL,2026-01-15,1,7.4,0.0,15.5,3
ATL,2026-01-15,2,7.2,0.2,18.3,51
ATL,2026-01-15,3,6.4,0.1,21.3,51
ATL,2026-01-15,4,5.5,0.0,18.5,2
ATL,2026-01-15,5,2.9,0.0,23.3,0
ATL,2026-01-15,6,1.6,0.0,21.1,0
ATL,2026-01-15,7,0.1,0.0,18.9,0
ATL,2026-01-15,8,-0.7,0.0,17.6,0
ATL,2026-01-15,9,-0.9,0.0,17.4,1
ATL,2026-01-15,10,-1.6,0.0,19.2,0
ATL,2026-01-15,11,-3.2,0.0,18.3,0
ATL,2026-01-15,12,-3.5,0.0,20.3,0
ATL,2026-01-15,13,-4.3,0.0,21.4,0
ATL,2026-01-15,14,-3.9,0.0,21.0,0
ATL,2026-01-15,15,-2.8,0.0,19.4,0
ATL,2026-01-15,16,-1.6,0.0,18.8,0
ATL,2026-01-15,17,-0.5,0.0,18.8,0
ATL,2026-01-15,18,0.4,0.0,18.3,0
ATL,2026-01-15,19,1.1,0.0,21.0,2
ATL,2026-01-15,20,1.8,0.0,20.5,0
ATL,2026-01-15,21,2.0,0.0,23.5,1
ATL,2026-01-15,22,1.1,0.0,21.4,1
ATL,2026-01-15,23,-0.2,0.0,15.6,0
ATL,2026-01-16,0,-1.1,0.0,9.6,0
ATL,2026-01-16,1,-1.7,0.0,7.8,0
ATL,2026-01-16,2,-2.3,0.0,6.6,0
ATL,2026-01-16,3,-2.8,0.0,7.0,0
ATL,2026-01-16,4,-3.2,0.0,5.9,0
ATL,2026-01-16,5,-3.4,0.0,4.6,0
ATL,2026-01-16,6,-5.0,0.0,3.3,0
ATL,2026-01-16,7,-5.4,0.0,1.4,0
ATL,2026-01-16,8,-5.3,0.0,3.8,0
ATL,2026-01-16,9,-5.3,0.0,3.5,0
ATL,2026-01-16,10,-5.4,0.0,4.8,0
ATL,2026-01-16,11,-5.2,0.0,5.0,0
ATL,2026-01-16,12,-5.2,0.0,5.9,0
ATL,2026-01-16,13,-5.3,0.0,5.8,0
ATL,2026-01-16,14,-2.8,0.0,6.5,0
ATL,2026-01-16,15,0.6,0.0,7.7,0
ATL,2026-01-16,16,3.6,0.0,9.8,0
ATL,2026-01-16,17,6.1,0.0,11.1,0
ATL,2026-01-16,18,8.3,0.0,13.5,0
ATL,2026-01-16,19,9.4,0.0,16.2,0
ATL,2026-01-16,20,9.8,0.0,16.0,0
ATL,2026-01-16,21,9.6,0.0,16.0,0
ATL,2026-01-16,22,8.4,0.0,15.0,0
ATL,2026-01-16,23,6.4,0.0,15.3,0
ATL,2026-01-17,0,6.3,0.0,14.8,0
ATL,2026-01-17,1,6.0,0.0,14.8,0
ATL,2026-01-17,2,6.0,0.0,14.8,0
ATL,2026-01-17,3,6.2,0.0,17.0,0
ATL,2026-01-17,4,6.4,0.0,17.5,0
ATL,2026-01-17,5,6.6,0.0,18.4,0
ATL,2026-01-17,6,7.0,0.0,19.3,0
ATL,2026-01-17,7,7.3,0.0,19.4,1
ATL,2026-01-17,8,7.7,0.0,19.9,1
ATL,2026-01-17,9,7.6,0.1,16.1,51
ATL,2026-01-17,10,7.7,0.5,17.8,53
ATL,2026-01-17,11,7.5,0.3,17.1,51
ATL,2026-01-17,12,7.2,0.1,12.8,51
ATL,2026-01-17,13,7.0,0.0,11.5,3
ATL,2026-01-17,14,7.4,0.0,10.3,3
ATL,2026-01-17,15,7.8,0.1,8.5,51
ATL,2026-01-17,16,8.1,0.1,7.0,51
ATL,2026-01-17,17,8.8,0.0,7.4,3
ATL,2026-01-17,18,11.0,0.0,8.7,2
ATL,2026-01-17,19,11.6,0.0,9.1,3
ATL,2026-01-17,20,10.9,0.0,7.5,3
ATL,2026-01-17,21,10.9,0.0,7.7,3
ATL,2026-01-17,22,10.0,0.0,6.5,3
ATL,2026-01-17,23,9.3,0.0,8.9,3
ATL,2026-01-18,0,8.4,0.0,12.5,3
ATL,2026-01-18,1,7.7,0.1,12.8,51
ATL,2026-01-18,2,7.3,0.0,10.5,3
ATL,2026-01-18,3,7.0,0.0,10.7,3
ATL,2026-01-18,4,6.5,0.0,11.2,3
ATL,2026-01-18,5,6.2,0.0,12.5,3
ATL,2026-01-18,6,5.5,0.0,11.5,3
ATL,2026-01-18,7,4.8,0.0,13.0,3
ATL,2026-01-18,8,3.9,0.0,16.9,3
ATL,2026-01-18,9,2.4,0.0,17.4,3
ATL,2026-01-18,10,1.5,0.0,15.9,3
ATL,2026-01-18,11,0.9,0.1,13.6,71
ATL,2026-01-18,12,0.2,0.2,11.1,71
ATL,2026-01-18,13,-0.2,0.2,10.5,71
ATL,2026-01-18,14,-0.2,0.0,14.3,3
ATL,2026-01-18,15,-0.1,0.0,15.5,3
ATL,2026-01-18,16,0.9,0.0,17.1,1
ATL,2026-01-18,17,2.3,0.0,19.9,0
ATL,2026-01-18,18,3.5,0.0,19.5,0
ATL,2026-01-18,19,4.1,0.0,19.6,0
ATL,2026-01-18,20,4.4,0.0,18.4,0
ATL,2026-01-18,21,4.1,0.0,18.1,0
ATL,2026-01-18,22,3.4,0.0,16.1,0
ATL,2026-01-18,23,2.1,0.0,12.6,0
ATL,2026-01-19,0,1.0,0.0,10.0,0
ATL,2026-01-19,1,0.4,0.0,10.4,0
ATL,2026-01-19,2,-0.2,0.0,9.9,0
ATL,2026-01-19,3,-0.8,0.0,8.0,0
ATL,2026-01-19,4,-1.3,0.0,7.7,0
ATL,2026-01-19,5,-1.4,0.0,10.4,0
ATL,2026-01-19,6,-2.2,0.0,11.5,0
ATL,2026-01-19,7,-2.3,0.0,11.6,0
ATL,2026-01-19,8,-2.5,0.0,11.7,0
ATL,2026-01-19,9,-2.6,0.0,12.3,0
ATL,2026-01-19,10,-2.7,0.0,12.9,0
ATL,2026-01-19,11,-2.9,0.0,12.5,0
ATL,2026-01-19,12,-2.6,0.0,12.8,0
ATL,2026-01-19,13,-2.8,0.0,12.5,0
ATL,2026-01-19,14,-1.4,0.0,12.2,0
ATL,2026-01-19,15,0.4,0.0,14.2,0
ATL,2026-01-19,16,2.1,0.0,14.1,0
ATL,2026-01-19,17,3.5,0.0,17.1,0
ATL,2026-01-19,18,5.0,0.0,14.9,0
ATL,2026-01-19,19,5.8,0.0,15.3,0
ATL,2026-01-19,20,6.2,0.0,14.5,0
ATL,2026-01-19,21,6.1,0.0,15.2,2
ATL,2026-01-19,22,5.5,0.0,14.0,1
ATL,2026-01-19,23,3.9,0.0,13.0,0
ATL,2026-01-20,0,3.4,0.0,12.1,0
ATL,2026-01-20,1,3.2,0.0,13.4,1
ATL,2026-01-20,2,2.7,0.0,12.7,0
ATL,2026-01-20,3,2.0,0.0,12.4,0
ATL,2026-01-20,4,1.6,0.0,12.7,0
ATL,2026-01-20,5,1.2,0.0,11.5,0
ATL,2026-01-20,6,0.0,0.0,11.0,0
ATL,2026-01-20,7,-0.4,0.0,10.3,0
ATL,2026-01-20,8,-0.9,0.0,9.8,0
ATL,2026-01-20,9,-1.2,0.0,9.7,0
ATL,2026-01-20,10,-1.6,0.0,10.1,0
ATL,2026-01-20,11,-1.9,0.0,10.2,0
ATL,2026-01-20,12,-2.5,0.0,10.6,1
ATL,2026-01-20,13,-2.8,0.0,11.1,1
ATL,2026-01-20,14,-1.7,0.0,11.0,0
ATL,2026-01-20,15,0.1,0.0,11.4,0
ATL,2026-01-20,16,1.7,0.0,11.9,0
ATL,2026-01-20,17,3.2,0.0,12.6,1
ATL,2026-01-20,18,5.0,0.0,12.1,1
ATL,2026-01-20,19,5.8,0.0,11.5,1
ATL,2026-01-20,20,6.1,0.0,11.3,2
ATL,2026-01-20,21,5.8,0.0,11.0,2
ATL,2026-01-20,22,4.9,0.0,9.8,0
ATL,2026-01-20,23,2.9,0.0,7.0,0
ATL,2026-01-21,0,2.1,0.0,7.5,1
ATL,2026-01-21,1,1.6,0.0,7.1,1
ATL,2026-01-21,2,0.7,0.0,5.9,1
ATL,2026-01-21,3,-0.4,0.0,4.4,0
ATL,2026-01-21,4,-1.0,0.0,2.8,1
ATL,2026-01-21,5,-1.6,0.0,1.7,0
ATL,2026-01-21,6,-2.6,0.0,1.9,1
ATL,2026-01-21,7,-3.0,0.0,2.9,1
ATL,2026-01-21,8,-2.4,0.0,6.3,0
ATL,2026-01-21,9,-2.1,0.0,7.1,2
ATL,2026-01-21,10,-2.1,0.0,6.7,3
ATL,2026-01-21,11,-2.0,0.0,8.0,3
ATL,2026-01-21,12,-2.3,0.0,8.6,3
ATL,2026-01-21,13,-2.6,0.0,7.7,2
ATL,2026-01-21,14,-0.8,0.0,8.6,3
ATL,2026-01-21,15,2.3,0.0,7.2,3
ATL,2026-01-21,16,5.5,0.0,8.6,2
ATL,2026-01-21,17,7.9,0.0,9.7,3
ATL,2026-01-21,18,9.9,0.0,10.4,3
ATL,2026-01-21,19,10.5,0.0,11.4,3
ATL,2026-01-21,20,10.9,0.0,11.8,3
ATL,2026-01-21,21,11.1,0.0,11.1,3
ATL,2026-01-21,22,9.7,0.0,9.7,3
ATL,2026-01-21,23,7.1,0.0,10.8,3
ATL,2026-01-22,0,7.5,0.0,9.4,3
ATL,2026-01-22,1,6.8,0.0,8.8,3
ATL,2026-01-22,2,6.7,0.0,9.6,3
ATL,2026-01-22,3,7.3,0.0,9.5,3
ATL,2026-01-22,4,7.5,0.0,9.6,3
ATL,2026-01-22,5,7.7,0.0,10.7,3
ATL,2026-01-22,6,7.0,0.0,10.8,3
ATL,2026-01-22,7,7.1,0.2,12.4,51
ATL,2026-01-22,8,6.3,1.8,8.4,61
ATL,2026-01-22,9,6.4,0.3,6.1,51
ATL,2026-01-22,10,6.4,0.7,4.0,53
ATL,2026-01-22,11,6.3,0.5,3.9,53
ATL,2026-01-22,12,5.9,0.0,9.6,3
ATL,2026-01-22,13,5.9,0.2,3.1,51
ATL,2026-01-22,14,6.3,0.1,2.2,51
ATL,2026-01-22,15,6.9,2.0,3.8,61
ATL,2026-01-22,16,7.3,0.2,5.9,51
ATL,2026-01-22,17,8.0,0.3,6.7,51
ATL,2026-01-22,18,8.0,0.8,4.8,53
ATL,2026-01-22,19,8.2,0.9,5.5,53
ATL,2026-01-22,20,9.1,0.3,4.1,51
ATL,2026-01-22,21,9.2,0.2,6.0,51
ATL,2026-01-22,22,8.9,0.0,4.6,3
ATL,2026-01-22,23,8.4,0.1,2.2,51
ATL,2026-01-23,0,8.5,0.0,3.1,3
ATL,2026-01-23,1,8.4,0.0,4.6,3
ATL,2026-01-23,2,8.1,0.0,6.5,3
ATL,2026-01-23,3,7.9,0.0,6.2,3
ATL,2026-01-23,4,7.7,0.0,6.2,3
ATL,2026-01-23,5,7.5,0.0,6.1,3
ATL,2026-01-23,6,6.8,0.0,5.4,3
ATL,2026-01-23,7,7.4,0.0,6.8,3
ATL,2026-01-23,8,7.6,0.0,6.7,3
ATL,2026-01-23,9,7.7,0.0,6.2,3
ATL,2026-01-23,10,7.8,0.0,7.2,3
ATL,2026-01-23,11,7.9,0.0,7.9,3
ATL,2026-01-23,12,7.1,0.0,10.4,3
ATL,2026-01-23,13,7.2,0.0,9.6,3
ATL,2026-01-23,14,7.9,0.0,7.0,3
ATL,2026-01-23,15,9.1,0.0,7.7,3
ATL,2026-01-23,16,10.3,0.0,6.7,3
ATL,2026-01-23,17,11.5,0.0,4.9,3
ATL,2026-01-23,18,10.7,0.0,4.7,3
ATL,2026-01-23,19,10.9,0.1,5.6,51
ATL,2026-01-23,20,10.6,0.0,7.1,3
ATL,2026-01-23,21,10.4,0.0,7.4,3
ATL,2026-01-23,22,10.0,0.1,7.3,51
ATL,2026-01-23,23,9.4,0.0,6.9,3
ATL,2026-01-24,0,9.3,0.0,9.7,3
ATL,2026-01-24,1,8.4,0.0,10.5,3
ATL,2026-01-24,2,7.4,0.0,9.0,3
ATL,2026-01-24,3,7.1,0.0,8.6,3
ATL,2026-01-24,4,6.2,0.0,9.1,3
ATL,2026-01-24,5,5.3,0.0,8.9,3
ATL,2026-01-24,6,4.3,0.0,8.2,3
ATL,2026-01-24,7,4.4,0.0,6.3,3
ATL,2026-01-24,8,4.4,0.0,5.5,3
ATL,2026-01-24,9,4.5,0.0,6.3,3
ATL,2026-01-24,10,5.6,0.0,5.0,3
ATL,2026-01-24,11,6.6,0.0,8.6,3
ATL,2026-01-24,12,6.2,0.0,10.2,3
ATL,2026-01-24,13,5.5,0.0,11.9,3
ATL,2026-01-24,14,5.9,0.0,14.9,3
ATL,2026-01-24,15,6.1,0.0,18.0,3
ATL,2026-01-24,16,6.8,0.0,19.5,3
ATL,2026-01-24,17,7.5,0.0,16.7,3
ATL,2026-01-24,18,7.2,0.0,15.7,3
ATL,2026-01-24,19,7.0,0.0,15.4,3
ATL,2026-01-24,20,7.9,0.0,17.8,3
ATL,2026-01-24,21,7.6,0.0,18.2,3
ATL,2026-01-24,22,6.6,0.0,17.0,3
ATL,2026-01-24,23,6.1,0.0,18.4,3
ATL,2026-01-25,0,5.8,0.0,17.4,3
ATL,2026-01-25,1,4.8,0.1,18.0,51
ATL,2026-01-25,2,4.0,0.2,19.0,51
ATL,2026-01-25,3,3.2,0.3,20.4,51
ATL,2026-01-25,4,2.8,0.4,20.5,51
ATL,2026-01-25,5,2.3,0.5,23.5,53
ATL,2026-01-25,6,0.7,0.5,21.9,53
ATL,2026-01-25,7,0.2,1.1,20.2,55
ATL,2026-01-25,8,-0.1,0.8,19.5,53
ATL,2026-01-25,9,-0.2,1.4,18.4,61
ATL,2026-01-25,10,-0.2,1.0,18.8,55
ATL,2026-01-25,11,-0.2,0.7,16.7,53
ATL,2026-01-25,12,-1.6,0.3,19.2,51
ATL,2026-01-25,13,-1.6,0.1,18.9,51
ATL,2026-01-25,14,-1.4,0.1,21.3,51
ATL,2026-01-25,15,-0.4,0.2,21.5,51
ATL,2026-01-25,16,1.4,0.2,21.5,51
ATL,2026-01-25,17,3.0,0.1,17.4,51
ATL,2026-01-25,18,1.1,0.1,21.0,51
ATL,2026-01-25,19,2.4,0.7,18.2,53
ATL,2026-01-25,20,3.3,7.4,10.5,63
ATL,2026-01-25,21,3.0,3.8,13.6,63
ATL,2026-01-25,22,3.4,3.2,12.7,63
ATL,2026-01-25,23,4.5,0.8,11.8,53
ATL,2026-01-26,0,3.6,0.0,3.1,3
ATL,2026-01-26,1,4.4,0.0,4.4,3
ATL,2026-01-26,2,4.8,0.0,6.2,3
ATL,2026-01-26,3,5.9,0.0,13.9,3
ATL,2026-01-26,4,4.9,0.0,18.0,3
ATL,2026-01-26,5,3.8,0.0,17.6,3
ATL,2026-01-26,6,3.2,0.0,17.3,3
ATL,2026-01-26,7,2.2,0.0,20.8,3
ATL,2026-01-26,8,0.6,0.0,23.9,3
ATL,2026-01-26,9,-1.4,0.0,24.8,3
ATL,2026-01-26,10,-3.1,0.0,26.0,1
ATL,2026-01-26,11,-5.1,0.0,24.0,1
ATL,2026-01-26,12,-4.7,0.0,22.9,2
ATL,2026-01-26,13,-5.5,0.0,21.3,1
ATL,2026-01-26,14,-4.7,0.0,19.9,0
ATL,2026-01-26,15,-3.5,0.0,23.9,0
ATL,2026-01-26,16,-2.3,0.0,24.6,0
ATL,2026-01-26,17,-1.3,0.0,24.4,0
ATL,2026-01-26,18,-0.6,0.0,23.3,0
ATL,2026-01-26,19,-0.1,0.0,22.4,0
ATL,2026-01-26,20,-0.1,0.0,22.5,0
ATL,2026-01-26,21,-0.5,0.0,22.5,0
ATL,2026-01-26,22,-1.4,0.0,22.4,0
ATL,2026-01-26,23,-2.9,0.0,19.4,0
ATL,2026-01-27,0,-3.0,0.0,16.9,0
ATL,2026-01-27,1,-4.0,0.0,17.1,0
ATL,2026-01-27,2,-5.0,0.0,17.1,0
ATL,2026-01-27,3,-6.0,0.0,15.8,0
ATL,2026-01-27,4,-6.8,0.0,14.8,0
ATL,2026-01-27,5,-7.3,0.0,15.1,0
ATL,2026-01-27,6,-8.2,0.0,15.4,0
ATL,2026-01-27,7,-8.5,0.0,14.5,0
ATL,2026-01-27,8,-8.7,0.0,13.6,0
ATL,2026-01-27,9,-8.9,0.0,12.2,0
ATL,2026-01-27,10,-8.9,0.0,11.6,0
ATL,2026-01-27,11,-8.9,0.0,11.0,0
ATL,2026-01-27,12,-9.6,0.0,10.6,0
ATL,2026-01-27,13,-9.6,0.0,9.2,0
ATL,2026-01-27,14,-7.9,0.0,11.0,0
ATL,2026-01-27,15,-5.4,0.0,10.7,0
ATL,2026-01-27,16,-2.6,0.0,11.4,0
ATL,2026-01-27,17,-0.1,0.0,12.4,0
ATL,2026-01-27,18,1.3,0.0,13.0,0
ATL,2026-01-27,19,3.0,0.0,14.1,0
ATL,2026-01-27,20,3.9,0.0,14.9,0
ATL,2026-01-27,21,4.1,0.0,15.5,0
ATL,2026-01-27,22,3.3,0.0,14.6,0
ATL,2026-01-27,23,1.3,0.0,12.8,0
ATL,2026-01-28,0,0.2,0.0,12.6,0
ATL,2026-01-28,1,-0.4,0.0,13.3,3
ATL,2026-01-28,2,-0.8,0.0,13.4,3
ATL,2026-01-28,3,-0.6,0.0,14.5,3
ATL,2026-01-28,4,-0.4,0.0,14.9,3
ATL,2026-01-28,5,-0.1,0.0,14.9,3
ATL,2026-01-28,6,-0.2,0.0,14.3,3
ATL,2026-01-28,7,-0.4,0.0,13.5,3
ATL,2026-01-28,8,-0.8,0.0,13.9,3
ATL,2026-01-28,9,-1.3,0.0,13.8,3
ATL,2026-01-28,10,-1.7,0.0,12.9,3
ATL,2026-01-28,11,-2.0,0.0,12.8,3
ATL,2026-01-28,12,-2.8,0.0,11.6,3
ATL,2026-01-28,13,-2.9,0.0,10.7,3
ATL,2026-01-28,14,-1.7,0.0,9.8,3
ATL,2026-01-28,15,0.1,0.0,9.8,2
ATL,2026-01-28,16,2.0,0.0,10.7,0
ATL,2026-01-28,17,3.9,0.0,12.2,0
ATL,2026-01-28,18,5.6,0.0,11.8,0
ATL,2026-01-28,19,6.9,0.0,12.3,0
ATL,2026-01-28,20,7.7,0.0,14.7,0
ATL,2026-01-28,21,7.6,0.0,16.0,0
ATL,2026-01-28,22,6.8,0.0,15.2,0
ATL,2026-01-28,23,5.1,0.0,13.7,0
ATL,2026-01-29,0,4.4,0.0,14.8,0
ATL,2026-01-29,1,3.9,0.0,15.2,0
ATL,2026-01-29,2,3.0,0.0,15.3,0
ATL,2026-01-29,3,2.1,0.0,13.7,0
ATL,2026-01-29,4,1.3,0.0,12.7,0
ATL,2026-01-29,5,0.4,0.0,11.0,0
ATL,2026-01-29,6,-0.6,0.0,11.0,0
ATL,2026-01-29,7,-1.2,0.0,10.9,0
ATL,2026-01-29,8,-1.6,0.0,10.6,0
ATL,2026-01-29,9,-2.0,0.0,10.3,0
ATL,2026-01-29,10,-2.2,0.0,9.2,0
ATL,2026-01-29,11,-2.4,0.0,7.1,1
ATL,2026-01-29,12,-3.0,0.0,6.9,3
ATL,2026-01-29,13,-2.7,0.0,8.3,3
ATL,2026-01-29,14,-1.1,0.0,6.5,3
ATL,2026-01-29,15,1.2,0.0,5.7,3
ATL,2026-01-29,16,3.0,0.0,4.8,3
ATL,2026-01-29,17,4.2,0.0,3.5,3
ATL,2026-01-29,18,5.4,0.0,2.6,3
ATL,2026-01-29,19,6.1,0.0,3.3,3
ATL,2026-01-29,20,6.4,0.0,4.4,3
ATL,2026-01-29,21,6.3,0.0,4.1,3
ATL,2026-01-29,22,5.5,0.0,1.5,3
ATL,2026-01-29,23,3.8,0.0,0.7,3
ATL,2026-01-30,0,3.8,0.0,4.1,3
ATL,2026-01-30,1,3.4,0.0,5.2,3
ATL,2026-01-30,2,2.2,0.0,4.3,3
ATL,2026-01-30,3,1.0,0.0,2.3,3
ATL,2026-01-30,4,0.4,0.0,1.4,0
ATL,2026-01-30,5,-0.4,0.0,2.3,0
ATL,2026-01-30,6,-1.3,0.0,2.3,0
ATL,2026-01-30,7,-1.6,0.0,3.3,3
ATL,2026-01-30,8,-1.5,0.0,3.6,3
ATL,2026-01-30,9,-1.6,0.0,3.0,3
ATL,2026-01-30,10,-1.7,0.0,3.0,3
ATL,2026-01-30,11,-1.8,0.0,3.5,0
ATL,2026-01-30,12,-1.7,0.0,4.9,0
ATL,2026-01-30,13,-1.2,0.0,8.2,0
ATL,2026-01-30,14,1.3,0.0,7.9,1
ATL,2026-01-30,15,4.2,0.0,6.1,0
ATL,2026-01-30,16,6.6,0.0,4.9,0
ATL,2026-01-30,17,8.0,0.0,3.3,0
ATL,2026-01-30,18,9.0,0.0,0.0,0
ATL,2026-01-30,19,10.3,0.0,2.5,3
ATL,2026-01-30,20,10.3,0.0,6.7,3
ATL,2026-01-30,21,9.5,0.0,7.2,3
ATL,2026-01-30,22,8.0,0.0,5.3,3
ATL,2026-01-30,23,7.2,0.0,4.6,2
ATL,2026-01-31,0,6.3,0.0,0.4,1
ATL,2026-01-31,1,5.4,0.0,10.2,3
ATL,2026-01-31,2,5.1,0.0,9.8,2
ATL,2026-01-31,3,3.6,0.0,13.8,0
ATL,2026-01-31,4,2.0,0.0,16.1,1
ATL,2026-01-31,5,0.6,0.0,16.0,0
ATL,2026-01-31,6,0.2,0.0,16.2,0
ATL,2026-01-31,7,-0.5,0.0,16.3,0
ATL,2026-01-31,8,-1.1,0.0,17.1,0
ATL,2026-01-31,9,-1.8,0.0,18.3,1
ATL,2026-01-31,10,-2.1,0.0,18.2,3
ATL,2026-01-31,11,-2.1,0.0,18.4,3
ATL,2026-01-31,12,-2.3,0.0,18.0,3
ATL,2026-01-31,13,-3.3,0.1,21.5,71
ATL,2026-01-31,14,-4.0,0.0,24.4,3
ATL,2026-01-31,15,-4.3,0.0,27.2,3
ATL,2026-01-31,16,-4.4,0.0,28.6,3
ATL,2026-01-31,17,-4.4,0.0,29.6,3
ATL,2026-01-31,18,-5.1,0.0,31.3,3
ATL,2026-01-31,19,-5.2,0.0,32.9,3
ATL,2026-01-31,20,-5.4,0.1,35.6,71
ATL,2026-01-31,21,-5.5,0.1,35.1,71
ATL,2026-01-31,22,-5.7,0.1,31.8,71
ATL,2026-01-31,23,-6.3,0.0,30.8,3
ATL,2026-02-01,0,-6.6,0.0,29.1,3
ATL,2026-02-01,1,-6.5,0.0,28.2,3
ATL,2026-02-01,2,-6.7,0.0,32.9,2
ATL,2026-02-01,3,-6.8,0.0,24.8,3
ATL,2026-02-01,4,-6.9,0.0,29.3,3
ATL,2026-02-01,5,-7.0,0.0,28.7,3
ATL,2026-02-01,6,-7.1,0.0,30.1,3
ATL,2026-02-01,7,-7.3,0.0,27.5,2
ATL,2026-02-01,8,-7.9,0.0,27.1,3
ATL,2026-02-01,9,-8.1,0.0,26.5,3
ATL,2026-02-01,10,-8.2,0.0,26.8,2
ATL,2026-02-01,11,-8.4,0.0,23.0,1
ATL,2026-02-01,12,-8.9,0.0,23.6,0
ATL,2026-02-01,13,-8.8,0.0,22.6,0
ATL,2026-02-01,14,-7.5,0.0,25.6,1
ATL,2026-02-01,15,-5.9,0.0,25.4,1
ATL,2026-02-01,16,-4.2,0.0,24.4,0
ATL,2026-02-01,17,-2.6,0.0,23.3,0
ATL,2026-02-01,18,-0.7,0.0,21.7,0
ATL,2026-02-01,19,0.2,0.0,20.7,0
ATL,2026-02-01,20,0.6,0.0,19.4,0
ATL,2026-02-01,21,0.6,0.0,18.4,0
ATL,2026-02-01,22,-0.2,0.0,17.8,2
ATL,2026-02-01,23,-1.5,0.0,14.8,3
ATL,2026-02-02,0,-1.4,0.0,14.8,3
ATL,2026-02-02,1,-2.0,0.0,12.7,3
ATL,2026-02-02,2,-2.4,0.0,11.4,3
ATL,2026-02-02,3,-2.6,0.0,12.0,3
ATL,2026-02-02,4,-3.0,0.0,12.3,2
ATL,2026-02-02,5,-3.4,0.0,12.7,1
ATL,2026-02-02,6,-3.8,0.0,12.4,1
ATL,2026-02-02,7,-4.1,0.0,11.3,0
ATL,2026-02-02,8,-4.2,0.0,11.6,0
ATL,2026-02-02,9,-4.2,0.0,11.9,0
ATL,2026-02-02,10,-4.1,0.0,11.7,0
ATL,2026-02-02,11,-4.1,0.0,10.5,0
ATL,2026-02-02,12,-4.3,0.0,9.8,0
ATL,2026-02-02,13,-4.2,0.0,9.7,0
ATL,2026-02-02,14,-2.1,0.0,7.3,0
ATL,2026-02-02,15,0.8,0.0,6.4,0
ATL,2026-02-02,16,3.3,0.0,6.7,0
ATL,2026-02-02,17,5.6,0.0,6.3,0
ATL,2026-02-02,18,7.0,0.0,8.1,0
ATL,2026-02-02,19,8.0,0.0,10.0,0
ATL,2026-02-02,20,8.7,0.0,12.2,0
ATL,2026-02-02,21,8.9,0.0,12.7,0
ATL,2026-02-02,22,8.5,0.0,10.0,0
ATL,2026-02-02,23,6.0,0.0,9.1,0
ATL,2026-02-03,0,5.6,0.0,10.0,0
ATL,2026-02-03,1,5.2,0.0,9.4,0
ATL,2026-02-03,2,4.0,0.0,7.9,0
ATL,2026-02-03,3,3.1,0.0,9.0,0
ATL,2026-02-03,4,2.7,0.0,9.5,0
ATL,2026-02-03,5,2.5,0.0,9.6,0
ATL,2026-02-03,6,1.7,0.0,10.0,1
ATL,2026-02-03,7,1.4,0.0,9.0,3
ATL,2026-02-03,8,1.3,0.0,9.1,3
ATL,2026-02-03,9,1.3,0.0,9.6,3
ATL,2026-02-03,10,1.4,0.0,9.7,3
ATL,2026-02-03,11,1.0,0.0,9.4,3
ATL,2026-02-03,12,0.2,0.0,8.8,3
ATL,2026-02-03,13,0.3,0.0,7.7,3
ATL,2026-02-03,14,2.2,0.0,6.8,3
ATL,2026-02-03,15,5.1,0.0,4.8,3
ATL,2026-02-03,16,7.2,0.0,5.5,3
ATL,2026-02-03,17,9.2,0.0,6.3,3
ATL,2026-02-03,18,12.1,0.0,7.8,3
ATL,2026-02-03,19,13.6,0.0,10.8,3
ATL,2026-02-03,20,14.5,0.0,12.9,2
ATL,2026-02-03,21,14.6,0.0,14.7,1
ATL,2026-02-03,22,13.6,0.0,13.3,3
ATL,2026-02-03,23,12.3,0.0,14.3,3
ATL,2026-02-04,0,12.1,0.0,10.7,3
ATL,2026-02-04,1,12.0,0.0,9.4,3
ATL,2026-02-04,2,10.8,0.2,7.2,51
ATL,2026-02-04,3,9.7,0.7,7.6,53
ATL,2026-02-04,4,8.7,0.4,9.4,51
ATL,2026-02-04,5,8.4,0.0,10.2,3
ATL,2026-02-04,6,9.0,0.1,10.5,51
ATL,2026-02-04,7,9.4,0.0,12.6,3
ATL,2026-02-04,8,9.6,0.8,15.4,53
ATL,2026-02-04,9,9.6,0.0,14.0,3
ATL,2026-02-04,10,9.6,0.2,11.0,51
ATL,2026-02-04,11,9.5,0.6,10.0,53
ATL,2026-02-04,12,9.7,0.2,9.6,51
ATL,2026-02-04,13,10.1,0.1,8.1,51
ATL,2026-02-04,14,10.4,0.1,6.4,51
ATL,2026-02-04,15,11.4,0.2,6.2,51
ATL,2026-02-04,16,11.9,0.6,6.8,53
ATL,2026-02-04,17,11.3,0.6,5.6,53
ATL,2026-02-04,18,11.5,0.4,3.1,51
ATL,2026-02-04,19,12.0,0.2,7.1,51
ATL,2026-02-04,20,11.6,0.7,12.7,53
ATL,2026-02-04,21,11.7,0.0,10.9,3
ATL,2026-02-04,22,11.8,0.0,16.4,3
ATL,2026-02-04,23,9.5,0.0,17.4,1
ATL,2026-02-05,0,7.8,0.0,16.4,3
ATL,2026-02-05,1,5.9,0.0,17.8,3
ATL,2026-02-05,2,5.2,0.0,17.5,3
ATL,2026-02-05,3,4.6,0.0,18.9,3
ATL,2026-02-05,4,3.9,0.0,19.6,3
ATL,2026-02-05,5,3.0,0.0,19.5,3
ATL,2026-02-05,6,2.8,0.0,20.9,3
ATL,2026-02-05,7,2.3,0.0,21.0,3
ATL,2026-02-05,8,1.8,0.0,20.6,3
ATL,2026-02-05,9,1.3,0.0,19.5,3
ATL,2026-02-05,10,0.9,0.0,18.1,3
ATL,2026-02-05,11,0.6,0.0,15.4,3
ATL,2026-02-05,12,-0.2,0.0,14.4,3
ATL,2026-02-05,13,-0.3,0.0,14.9,3
ATL,2026-02-05,14,-0.2,0.0,16.1,3
ATL,2026-02-05,15,0.5,0.0,16.1,3
ATL,2026-02-05,16,1.7,0.0,14.4,3
ATL,2026-02-05,17,3.6,0.0,11.6,3
ATL,2026-02-05,18,3.0,0.0,12.7,3
ATL,2026-02-05,19,3.9,0.0,14.1,3
ATL,2026-02-05,20,5.0,0.0,14.2,2
ATL,2026-02-05,21,5.5,0.0,12.4,2
ATL,2026-02-05,22,5.4,0.0,12.0,1
ATL,2026-02-05,23,4.1,0.0,10.6,2
ATL,2026-02-06,0,3.1,0.0,11.9,0
ATL,2026-02-06,1,2.4,0.0,14.1,2
ATL,2026-02-06,2,2.3,0.0,14.3,3
ATL,2026-02-06,3,1.4,0.0,14.1,0
ATL,2026-02-06,4,0.5,0.0,13.5,0
ATL,2026-02-06,5,-0.1,0.0,13.3,3
ATL,2026-02-06,6,-0.5,0.0,13.6,2
ATL,2026-02-06,7,-0.7,0.0,13.7,3
ATL,2026-02-06,8,-0.5,0.0,12.8,0
ATL,2026-02-06,9,-0.9,0.0,11.7,0
ATL,2026-02-06,10,-1.1,0.0,10.7,0
ATL,2026-02-06,11,-1.2,0.0,10.5,0
ATL,2026-02-06,12,-0.7,0.0,10.8,0
ATL,2026-02-06,13,-0.3,0.0,11.1,0
ATL,2026-02-06,14,2.2,0.0,10.2,0
ATL,2026-02-06,15,5.0,0.0,10.5,0
ATL,2026-02-06,16,7.8,0.0,12.7,0
ATL,2026-02-06,17,10.0,0.0,15.7,0
ATL,2026-02-06,18,13.1,0.0,16.8,0
ATL,2026-02-06,19,14.6,0.0,19.4,0
ATL,2026-02-06,20,15.4,0.0,21.1,0
ATL,2026-02-06,21,15.5,0.0,22.0,0
ATL,2026-02-06,22,14.8,0.0,20.2,0
ATL,2026-02-06,23,13.3,0.0,20.8,0
ATL,2026-02-07,0,12.4,0.0,15.5,0
ATL,2026-02-07,1,12.2,0.0,18.1,0
ATL,2026-02-07,2,12.3,0.0,20.8,0
ATL,2026-02-07,3,10.7,0.0,22.6,0
ATL,2026-02-07,4,8.6,0.0,23.8,0
ATL,2026-02-07,5,6.6,0.0,23.8,0
ATL,2026-02-07,6,7.0,0.0,22.3,0
ATL,2026-02-07,7,6.0,0.0,19.8,0
ATL,2026-02-07,8,5.0,0.0,19.1,0
ATL,2026-02-07,9,3.8,0.0,20.0,0
ATL,2026-02-07,10,2.9,0.0,20.1,0
ATL,2026-02-07,11,2.3,0.0,19.3,0
ATL,2026-02-07,12,2.1,0.0,18.9,0
ATL,2026-02-07,13,1.9,0.0,18.4,0
ATL,2026-02-07,14,3.1,0.0,17.0,0
ATL,2026-02-07,15,4.6,0.0,18.7,0
ATL,2026-02-07,16,6.0,0.0,18.3,0
ATL,2026-02-07,17,7.1,0.0,19.5,0
ATL,2026-02-07,18,9.1,0.0,20.3,0
ATL,2026-02-07,19,9.8,0.0,19.0,0
ATL,2026-02-07,20,10.0,0.0,18.6,0
ATL,2026-02-07,21,9.9,0.0,18.0,3
ATL,2026-02-07,22,9.3,0.0,17.1,0
ATL,2026-02-07,23,7.9,0.0,13.4,0
ATL,2026-02-08,0,6.8,0.0,14.8,0
ATL,2026-02-08,1,5.7,0.0,13.5,0
ATL,2026-02-08,2,4.4,0.0,11.7,0
ATL,2026-02-08,3,3.3,0.0,10.1,0
ATL,2026-02-08,4,2.4,0.0,9.9,0
ATL,2026-02-08,5,1.7,0.0,10.2,0
ATL,2026-02-08,6,0.9,0.0,10.1,0
ATL,2026-02-08,7,0.3,0.0,9.4,0
ATL,2026-02-08,8,-0.3,0.0,9.4,0
ATL,2026-02-08,9,-0.7,0.0,9.4,0
ATL,2026-02-08,10,-1.0,0.0,7.4,0
ATL,2026-02-08,11,-1.5,0.0,5.6,0
ATL,2026-02-08,12,-2.2,0.0,3.8,0
ATL,2026-02-08,13,-1.7,0.0,5.4,0
ATL,2026-02-08,14,0.7,0.0,3.9,1
ATL,2026-02-08,15,3.5,0.0,5.1,2
ATL,2026-02-08,16,6.1,0.0,4.2,0
ATL,2026-02-08,17,8.3,0.0,3.1,0
ATL,2026-02-08,18,10.6,0.0,1.6,0
ATL,2026-02-08,19,12.6,0.0,1.9,0
ATL,2026-02-08,20,13.7,0.0,2.5,1
ATL,2026-02-08,21,14.3,0.0,3.1,3
ATL,2026-02-08,22,13.8,0.0,4.5,3
ATL,2026-02-08,23,11.9,0.0,3.8,3
ATL,2026-02-09,0,10.4,0.0,2.2,3
ATL,2026-02-09,1,9.7,0.0,4.0,3
ATL,2026-02-09,2,8.8,0.0,5.8,3
ATL,2026-02-09,3,7.9,0.0,5.2,3
ATL,2026-02-09,4,7.2,0.0,4.8,3
ATL,2026-02-09,5,7.1,0.0,6.1,2
ATL,2026-02-09,6,6.6,0.0,5.8,3
ATL,2026-02-09,7,6.5,0.0,6.0,3
ATL,2026-02-09,8,6.1,0.0,7.4,3
ATL,2026-02-09,9,5.6,0.0,10.2,1
ATL,2026-02-09,10,4.8,0.0,11.5,1
ATL,2026-02-09,11,3.8,0.0,10.8,2
ATL,2026-02-09,12,3.2,0.0,12.2,0
ATL,2026-02-09,13,2.7,0.0,12.1,0
ATL,2026-02-09,14,4.2,0.0,9.8,0
ATL,2026-02-09,15,6.7,0.0,9.6,0
ATL,2026-02-09,16,9.5,0.0,9.0,0
ATL,2026-02-09,17,12.0,0.0,8.9,0
ATL,2026-02-09,18,13.9,0.0,8.2,0
ATL,2026-02-09,19,15.6,0.0,8.8,0
ATL,2026-02-09,20,17.0,0.0,9.3,0
ATL,2026-02-09,21,18.2,0.0,9.0,0
ATL,2026-02-09,22,18.7,0.0,6.4,0
ATL,2026-02-09,23,16.2,0.0,5.7,0
ATL,2026-02-10,0,14.1,0.0,7.3,1
ATL,2026-02-10,1,13.6,0.0,5.9,0
ATL,2026-02-10,2,13.5,0.0,9.2,0
ATL,2026-02-10,3,13.0,0.0,10.6,0
ATL,2026-02-10,4,12.0,0.0,10.7,0
ATL,2026-02-10,5,11.4,0.0,10.7,0
ATL,2026-02-10,6,9.8,0.0,8.7,0
ATL,2026-02-10,7,9.5,0.0,10.5,0
ATL,2026-02-10,8,9.4,0.0,10.0,0
ATL,2026-02-10,9,8.8,0.0,10.7,0
ATL,2026-02-10,10,8.5,0.0,11.5,0
ATL,2026-02-10,11,8.3,0.0,11.5,0
ATL,2026-02-10,12,8.2,0.0,10.4,3
ATL,2026-02-10,13,8.2,0.0,9.2,1
ATL,2026-02-10,14,10.4,0.0,9.5,1
ATL,2026-02-10,15,13.4,0.0,7.4,1
ATL,2026-02-10,16,16.5,0.0,8.7,3
ATL,2026-02-10,17,18.8,0.0,10.8,2
ATL,2026-02-10,18,21.2,0.0,15.9,3
ATL,2026-02-10,19,20.7,0.0,18.1,3
ATL,2026-02-10,20,19.9,0.0,15.0,3
ATL,2026-02-10,21,19.4,0.0,15.4,2
ATL,2026-02-10,22,19.1,0.0,14.9,3
ATL,2026-02-10,23,17.6,0.0,14.1,3
ATL,2026-02-11,0,16.4,0.0,12.9,3
ATL,2026-02-11,1,15.9,0.0,13.8,3
ATL,2026-02-11,2,15.8,0.0,13.1,3
ATL,2026-02-11,3,15.1,0.0,11.8,3
ATL,2026-02-11,4,14.6,0.0,12.1,3
ATL,2026-02-11,5,14.3,0.0,11.7,3
ATL,2026-02-11,6,14.3,0.0,10.1,3
ATL,2026-02-11,7,14.3,0.0,13.6,3
ATL,2026-02-11,8,14.4,0.4,18.0,51
ATL,2026-02-11,9,13.9,0.4,17.9,51
ATL,2026-02-11,10,13.8,0.1,18.2,51
ATL,2026-02-11,11,14.0,0.2,20.1,51
ATL,2026-02-11,12,14.3,0.5,21.3,53
ATL,2026-02-11,13,14.6,0.1,18.6,51
ATL,2026-02-11,14,15.0,0.1,18.1,51
ATL,2026-02-11,15,16.8,0.0,21.2,3
ATL,2026-02-11,16,16.7,0.0,18.1,3
ATL,2026-02-11,17,18.2,0.4,21.9,51
ATL,2026-02-11,18,17.4,0.5,20.4,53
ATL,2026-02-11,19,16.4,2.9,18.5,63
ATL,2026-02-11,20,17.4,0.0,15.5,3
ATL,2026-02-11,21,16.4,0.0,15.8,1
ATL,2026-02-11,22,15.8,0.0,16.0,1
ATL,2026-02-11,23,14.7,0.0,13.5,0
ATL,2026-02-12,0,12.6,0.0,13.1,0
ATL,2026-02-12,1,11.9,0.0,13.8,0
ATL,2026-02-12,2,11.1,0.0,13.3,2
ATL,2026-02-12,3,10.2,0.0,11.8,1
ATL,2026-02-12,4,9.1,0.0,11.4,1
ATL,2026-02-12,5,8.1,0.0,12.0,0
ATL,2026-02-12,6,7.4,0.0,12.5,0
ATL,2026-02-12,7,6.8,0.0,11.7,1
ATL,2026-02-12,8,6.0,0.0,11.2,1
ATL,2026-02-12,9,5.3,0.0,11.5,1
ATL,2026-02-12,10,4.8,0.0,12.0,0
ATL,2026-02-12,11,4.3,0.0,12.4,1
ATL,2026-02-12,12,3.7,0.0,12.8,0
ATL,2026-02-12,13,3.6,0.0,11.4,0
ATL,2026-02-12,14,5.5,0.0,9.2,1
ATL,2026-02-12,15,8.0,0.0,8.0,0
ATL,2026-02-12,16,10.5,0.0,6.2,0
ATL,2026-02-12,17,12.6,0.0,4.1,0
ATL,2026-02-12,18,14.4,0.0,3.5,0
ATL,2026-02-12,19,15.8,0.0,4.9,0
ATL,2026-02-12,20,16.2,0.0,7.0,0
ATL,2026-02-12,21,16.1,0.0,9.0,0
ATL,2026-02-12,22,15.2,0.0,9.8,0
ATL,2026-02-12,23,13.0,0.0,9.0,0
ATL,2026-02-13,0,11.2,0.0,13.0,0
ATL,2026-02-13,1,9.9,0.0,13.1,1
ATL,2026-02-13,2,8.6,0.0,11.5,0
ATL,2026-02-13,3,7.7,0.0,11.4,1
ATL,2026-02-13,4,6.9,0.0,10.0,1
ATL,2026-02-13,5,6.4,0.0,9.7,3
ATL,2026-02-13,6,6.6,0.0,10.0,2
ATL,2026-02-13,7,6.2,0.0,9.3,1
ATL,2026-02-13,8,5.4,0.0,9.1,3
ATL,2026-02-13,9,5.6,0.0,8.8,0
ATL,2026-02-13,10,4.1,0.0,8.4,0
ATL,2026-02-13,11,3.8,0.0,8.1,0
ATL,2026-02-13,12,3.4,0.0,10.5,0
ATL,2026-02-13,13,3.6,0.0,10.9,0
ATL,2026-02-13,14,5.6,0.0,9.7,2
ATL,2026-02-13,15,7.9,0.0,10.6,2
ATL,2026-02-13,16,10.2,0.0,10.8,1
ATL,2026-02-13,17,12.0,0.0,10.5,0
ATL,2026-02-13,18,13.4,0.0,7.6,0
ATL,2026-02-13,19,14.3,0.0,5.9,0
ATL,2026-02-13,20,14.8,0.0,4.2,0
ATL,2026-02-13,21,14.9,0.0,2.9,0
ATL,2026-02-13,22,14.5,0.0,2.7,0
ATL,2026-02-13,23,12.9,0.0,1.8,0
ATL,2026-02-14,0,10.7,0.0,2.8,0
ATL,2026-02-14,1,10.2,0.0,4.8,0
ATL,2026-02-14,2,9.6,0.0,6.0,0
ATL,2026-02-14,3,9.4,0.0,7.5,0
ATL,2026-02-14,4,8.7,0.0,8.0,0
ATL,2026-02-14,5,8.0,0.0,8.3,0
ATL,2026-02-14,6,6.2,0.0,7.5,0
ATL,2026-02-14,7,5.2,0.0,6.3,0
ATL,2026-02-14,8,4.7,0.0,6.5,1
ATL,2026-02-14,9,4.2,0.0,6.6,0
ATL,2026-02-14,10,3.7,0.0,7.2,0
ATL,2026-02-14,11,3.3,0.0,8.8,3
ATL,2026-02-14,12,2.6,0.0,8.3,3
ATL,2026-02-14,13,2.7,0.0,8.2,3
ATL,2026-02-14,14,5.0,0.0,7.3,3
ATL,2026-02-14,15,7.7,0.0,5.7,3
ATL,2026-02-14,16,11.2,0.0,6.9,3
ATL,2026-02-14,17,14.1,0.0,8.6,3
ATL,2026-02-14,18,16.0,0.0,9.0,3
ATL,2026-02-14,19,15.7,0.0,9.9,3
ATL,2026-02-14,20,15.0,0.1,10.7,51
ATL,2026-02-14,21,15.2,0.0,10.3,3
ATL,2026-02-14,22,14.6,0.0,9.1,3
ATL,2026-02-14,23,13.5,0.0,9.7,3
ATL,2026-02-15,0,12.5,0.0,13.5,3
ATL,2026-02-15,1,12.0,0.0,13.0,3
ATL,2026-02-15,2,11.2,0.4,12.8,51
ATL,2026-02-15,3,10.8,0.0,12.6,3
ATL,2026-02-15,4,10.8,0.1,10.0,51
ATL,2026-02-15,5,10.0,0.0,12.0,3
ATL,2026-02-15,6,10.2,0.0,15.2,3
ATL,2026-02-15,7,10.1,0.2,16.5,51
ATL,2026-02-15,8,9.3,0.0,17.0,3
ATL,2026-02-15,9,9.4,0.0,16.1,3
ATL,2026-02-15,10,9.3,1.3,12.6,61
ATL,2026-02-15,11,8.8,1.4,14.0,61
ATL,2026-02-15,12,8.5,1.6,16.3,61
ATL,2026-02-15,13,8.9,0.8,17.0,53
ATL,2026-02-15,14,9.3,2.9,17.3,63
ATL,2026-02-15,15,10.2,2.3,15.7,61
ATL,2026-02-15,16,11.6,2.2,15.7,61
ATL,2026-02-15,17,12.7,1.7,14.5,61
ATL,2026-02-15,18,14.5,0.0,14.4,3
ATL,2026-02-15,19,16.6,0.3,10.6,51
ATL,2026-02-15,20,16.0,0.3,10.1,51
ATL,2026-02-15,21,14.9,1.9,4.0,61
ATL,2026-02-15,22,14.3,0.2,5.0,51
ATL,2026-02-15,23,13.8,0.1,3.8,51
ATL,2026-02-16,0,11.1,0.3,11.9,51
ATL,2026-02-16,1,10.5,0.0,8.4,3
ATL,2026-02-16,2,10.3,0.0,8.5,3
ATL,2026-02-16,3,10.3,0.0,9.8,3
ATL,2026-02-16,4,10.6,0.0,10.1,2
ATL,2026-02-16,5,9.9,0.0,14.6,3
ATL,2026-02-16,6,10.7,0.0,17.9,3
ATL,2026-02-16,7,10.5,0.0,18.0,3
ATL,2026-02-16,8,10.3,0.0,16.3,1
ATL,2026-02-16,9,9.8,0.0,15.3,0
ATL,2026-02-16,10,9.2,0.0,14.3,0
ATL,2026-02-16,11,8.4,0.0,12.7,0
ATL,2026-02-16,12,7.8,0.0,13.0,0
ATL,2026-02-16,13,7.8,0.0,11.0,1
ATL,2026-02-16,14,9.2,0.0,9.2,3
ATL,2026-02-16,15,11.5,0.0,6.7,0
ATL,2026-02-16,16,13.9,0.0,6.2,0
ATL,2026-02-16,17,15.8,0.0,9.0,0
ATL,2026-02-16,18,17.2,0.0,9.2,0
ATL,2026-02-16,19,18.0,0.0,8.5,0
ATL,2026-02-16,20,18.4,0.0,8.4,0
ATL,2026-02-16,21,18.3,0.0,8.2,0
ATL,2026-02-16,22,17.6,0.0,7.3,0
ATL,2026-02-16,23,15.2,0.0,5.2,0
ATL,2026-02-17,0,13.8,0.0,6.7,0
ATL,2026-02-17,1,13.0,0.0,7.6,0
ATL,2026-02-17,2,12.2,0.0,8.1,0
ATL,2026-02-17,3,11.6,0.0,9.4,0
ATL,2026-02-17,4,10.7,0.0,10.2,0
ATL,2026-02-17,5,9.8,0.0,9.8,0
ATL,2026-02-17,6,8.4,0.0,9.2,0
ATL,2026-02-17,7,7.7,0.0,8.2,0
ATL,2026-02-17,8,7.3,0.0,8.2,0
ATL,2026-02-17,9,6.9,0.0,8.4,0
ATL,2026-02-17,10,6.6,0.0,8.8,3
ATL,2026-02-17,11,6.1,0.0,8.4,3
ATL,2026-02-17,12,5.6,0.0,8.0,0
ATL,2026-02-17,13,5.7,0.0,8.5,0
ATL,2026-02-17,14,8.1,0.0,6.0,0
ATL,2026-02-17,15,10.7,0.0,6.7,0
ATL,2026-02-17,16,13.3,0.0,8.9,0
ATL,2026-02-17,17,15.7,0.0,10.5,0
ATL,2026-02-17,18,17.8,0.0,10.6,1
ATL,2026-02-17,19,18.6,0.0,11.2,3
ATL,2026-02-17,20,19.0,0.0,11.9,3
ATL,2026-02-17,21,18.6,0.0,12.1,3
ATL,2026-02-17,22,18.3,0.0,10.9,3
ATL,2026-02-17,23,16.3,0.0,7.7,3
ATL,2026-02-18,0,15.0,0.0,10.1,2
ATL,2026-02-18,1,14.1,0.0,11.9,3
ATL,2026-02-18,2,13.5,0.0,12.1,2
ATL,2026-02-18,3,12.4,0.0,10.1,3
ATL,2026-02-18,4,11.9,0.0,10.2,3
ATL,2026-02-18,5,11.8,0.0,11.1,2
ATL,2026-02-18,6,11.5,0.0,12.3,3
ATL,2026-02-18,7,11.5,0.0,12.8,2
ATL,2026-02-18,8,11.1,0.0,11.4,3
ATL,2026-02-18,9,10.7,0.0,10.3,2
ATL,2026-02-18,10,10.6,0.0,9.3,3
ATL,2026-02-18,11,10.6,0.0,9.4,3
ATL,2026-02-18,12,10.6,0.0,9.3,3
ATL,2026-02-18,13,11.7,0.0,8.9,3
ATL,2026-02-18,14,12.4,0.0,8.2,3
ATL,2026-02-18,15,13.2,0.0,10.6,3
ATL,2026-02-18,16,14.0,0.0,11.6,3
ATL,2026-02-18,17,15.1,0.0,14.0,3
ATL,2026-02-18,18,18.2,0.0,14.3,3
ATL,2026-02-18,19,18.8,0.0,21.3,3
ATL,2026-02-18,20,18.3,0.0,16.5,3
ATL,2026-02-18,21,18.7,0.0,16.2,3
ATL,2026-02-18,22,18.0,0.0,12.3,3
ATL,2026-02-18,23,17.4,0.0,8.7,3
ATL,2026-02-19,0,15.9,0.0,9.2,3
ATL,2026-02-19,1,15.6,0.0,10.8,3
ATL,2026-02-19,2,15.4,0.0,10.2,3
ATL,2026-02-19,3,15.6,0.1,9.1,51
ATL,2026-02-19,4,15.5,0.1,9.8,51
ATL,2026-02-19,5,15.6,0.1,12.8,51
ATL,2026-02-19,6,16.1,0.0,12.6,3
ATL,2026-02-19,7,15.9,0.0,10.5,3
ATL,2026-02-19,8,16.2,0.3,10.6,51
ATL,2026-02-19,9,16.4,0.4,11.4,51
ATL,2026-02-19,10,16.3,0.2,10.3,51
ATL,2026-02-19,11,16.0,1.0,9.9,55
ATL,2026-02-19,12,16.6,0.8,14.3,53
ATL,2026-02-19,13,16.7,0.1,16.7,51
ATL,2026-02-19,14,17.6,0.0,17.1,3
ATL,2026-02-19,15,19.5,0.1,23.0,51
ATL,2026-02-19,16,20.9,0.0,20.4,0
ATL,2026-02-19,17,22.6,0.1,21.4,51
ATL,2026-02-19,18,23.7,0.0,19.7,1
ATL,2026-02-19,19,24.5,0.0,23.3,2
ATL,2026-02-19,20,24.5,0.0,24.1,2
ATL,2026-02-19,21,23.7,0.0,20.6,1
ATL,2026-02-19,22,22.9,0.0,16.8,1
ATL,2026-02-19,23,22.0,0.0,13.3,3
ATL,2026-02-20,0,20.8,0.0,10.3,3
ATL,2026-02-20,1,20.0,0.0,13.3,3
ATL,2026-02-20,2,20.2,0.0,15.7,2
ATL,2026-02-20,3,19.9,0.0,16.7,3
ATL,2026-02-20,4,19.8,0.0,20.0,1
ATL,2026-02-20,5,19.4,0.0,19.3,2
ATL,2026-02-20,6,20.0,0.0,20.6,1
ATL,2026-02-20,7,19.9,0.0,20.5,1
ATL,2026-02-20,8,20.0,0.0,20.4,3
ATL,2026-02-20,9,19.8,0.0,20.8,3
ATL,2026-02-20,10,19.1,0.1,20.9,51
ATL,2026-02-20,11,18.5,0.0,19.6,3
ATL,2026-02-20,12,18.6,0.3,15.8,51
ATL,2026-02-20,13,18.0,0.9,18.0,53
ATL,2026-02-20,14,18.1,1.2,17.2,55
ATL,2026-02-20,15,19.7,0.0,13.2,0
ATL,2026-02-20,16,21.2,0.0,11.8,0
ATL,2026-02-20,17,22.6,0.0,13.6,2
ATL,2026-02-20,18,23.6,0.0,13.8,3
ATL,2026-02-20,19,24.1,0.0,13.7,1
ATL,2026-02-20,20,24.2,0.0,13.2,0
ATL,2026-02-20,21,24.1,0.0,11.7,1
ATL,2026-02-20,22,23.2,0.0,8.1,3
ATL,2026-02-20,23,21.0,0.0,4.9,2
ATL,2026-02-21,0,19.4,0.0,8.7,0
ATL,2026-02-21,1,17.9,0.0,12.7,0
ATL,2026-02-21,2,16.6,0.0,7.2,2
ATL,2026-02-21,3,17.1,0.0,2.1,2
ATL,2026-02-21,4,16.1,0.4,3.1,51
ATL,2026-02-21,5,16.0,0.0,2.6,3
ATL,2026-02-21,6,16.8,0.0,6.1,3
ATL,2026-02-21,7,16.3,0.0,4.6,3
ATL,2026-02-21,8,15.8,0.0,2.4,3
ATL,2026-02-21,9,13.7,6.4,9.1,63
ATL,2026-02-21,10,13.7,0.4,8.8,51
ATL,2026-02-21,11,13.7,0.1,8.1,51
ATL,2026-02-21,12,12.3,0.0,5.6,3
ATL,2026-02-21,13,12.7,1.4,6.6,61
ATL,2026-02-21,14,13.7,0.0,7.6,3
ATL,2026-02-21,15,13.5,5.5,7.5,63
ATL,2026-02-21,16,13.3,2.3,7.1,61
ATL,2026-02-21,17,13.5,7.9,7.0,65
ATL,2026-02-21,18,13.4,0.9,3.5,53
ATL,2026-02-21,19,15.2,0.1,0.5,51
ATL,2026-02-21,20,17.3,0.0,1.3,0
ATL,2026-02-21,21,18.9,0.0,2.1,3
ATL,2026-02-21,22,19.2,0.0,3.9,2
ATL,2026-02-21,23,18.0,0.0,1.9,2
ATL,2026-02-22,0,15.6,0.0,2.4,2
ATL,2026-02-22,1,15.3,0.0,5.3,0
ATL,2026-02-22,2,14.4,0.0,6.6,3
ATL,2026-02-22,3,14.3,0.0,7.6,2
ATL,2026-02-22,4,14.9,0.0,16.5,3
ATL,2026-02-22,5,10.8,0.0,20.2,3
ATL,2026-02-22,6,10.6,0.0,18.4,3
ATL,2026-02-22,7,10.5,0.0,15.6,3
ATL,2026-02-22,8,9.7,0.0,22.0,0
ATL,2026-02-22,9,8.3,0.0,22.8,0
ATL,2026-02-22,10,6.6,0.0,22.7,0
ATL,2026-02-22,11,4.8,0.0,23.1,0
ATL,2026-02-22,12,4.0,0.0,23.6,0
ATL,2026-02-22,13,3.3,0.0,23.0,0
ATL,2026-02-22,14,3.4,0.0,23.7,0
ATL,2026-02-22,15,4.2,0.0,23.7,0
ATL,2026-02-22,16,5.2,0.0,24.3,0
ATL,2026-02-22,17,6.1,0.0,24.4,0
ATL,2026-02-22,18,7.9,0.0,24.9,0
ATL,2026-02-22,19,8.1,0.0,27.9,0
ATL,2026-02-22,20,8.2,0.0,30.9,1
ATL,2026-02-22,21,7.5,0.0,29.4,1
ATL,2026-02-22,22,6.1,0.0,27.0,1
ATL,2026-02-22,23,4.3,0.0,24.9,1
ATL,2026-02-23,0,4.2,0.0,19.0,0
ATL,2026-02-23,1,3.2,0.0,19.0,0
ATL,2026-02-23,2,2.2,0.0,19.2,0
ATL,2026-02-23,3,1.2,0.0,19.6,0
ATL,2026-02-23,4,0.4,0.0,19.0,0
ATL,2026-02-23,5,-0.5,0.0,17.4,0
ATL,2026-02-23,6,-0.1,0.0,21.8,3
ATL,2026-02-23,7,0.0,0.0,24.4,3
ATL,2026-02-23,8,-0.8,0.0,24.0,3
ATL,2026-02-23,9,-1.7,0.0,24.4,3
ATL,2026-02-23,10,-2.5,0.0,24.2,3
ATL,2026-02-23,11,-3.0,0.0,23.0,3
ATL,2026-02-23,12,-3.0,0.0,16.4,2
ATL,2026-02-23,13,-2.8,0.0,19.7,3
ATL,2026-02-23,14,-2.4,0.0,23.8,3
ATL,2026-02-23,15,-1.8,0.0,22.5,3
ATL,2026-02-23,16,-0.8,0.0,22.6,2
ATL,2026-02-23,17,0.8,0.0,23.3,2
ATL,2026-02-23,18,2.3,0.0,24.7,3
ATL,2026-02-23,19,3.1,0.0,24.9,2
ATL,2026-02-23,20,2.6,0.0,23.8,0
ATL,2026-02-23,21,2.3,0.0,22.8,1
ATL,2026-02-23,22,1.9,0.0,21.2,0
ATL,2026-02-23,23,0.8,0.0,19.4,0
ATL,2026-02-24,0,0.1,0.0,17.1,0
ATL,2026-02-24,1,-0.7,0.0,16.9,0
ATL,2026-02-24,2,-1.5,0.0,16.2,0
ATL,2026-02-24,3,-2.0,0.0,15.3,0
ATL,2026-02-24,4,-2.5,0.0,14.6,0
ATL,2026-02-24,5,-3.0,0.0,14.2,0
ATL,2026-02-24,6,-3.1,0.0,13.7,0
ATL,2026-02-24,7,-3.3,0.0,12.8,0
ATL,2026-02-24,8,-3.7,0.0,11.3,0
ATL,2026-02-24,9,-4.0,0.0,11.5,0
ATL,2026-02-24,10,-4.3,0.0,11.6,0
ATL,2026-02-24,11,-4.5,0.0,11.8,0
ATL,2026-02-24,12,-4.9,0.0,11.1,1
ATL,2026-02-24,13,-4.3,0.0,8.0,3
ATL,2026-02-24,14,-2.5,0.0,6.8,2
ATL,2026-02-24,15,-0.3,0.0,5.7,2
ATL,2026-02-24,16,2.2,0.0,4.7,2
ATL,2026-02-24,17,4.7,0.0,4.1,1
ATL,2026-02-24,18,6.8,0.0,3.8,2
ATL,2026-02-24,19,8.8,0.0,5.4,1
ATL,2026-02-24,20,10.2,0.0,7.3,3
ATL,2026-02-24,21,10.6,0.0,10.6,3
ATL,2026-02-24,22,10.3,0.0,11.6,1
ATL,2026-02-24,23,8.9,0.0,9.5,3
ATL,2026-02-25,0,7.0,0.0,11.9,3
ATL,2026-02-25,1,6.3,0.0,13.1,3
ATL,2026-02-25,2,5.6,0.0,13.9,3
ATL,2026-02-25,3,4.7,0.0,11.3,3
ATL,2026-02-25,4,3.9,0.0,12.0,3
ATL,2026-02-25,5,3.8,0.0,12.7,2
ATL,2026-02-25,6,4.0,0.0,14.3,3
ATL,2026-02-25,7,4.2,0.0,13.8,3
ATL,2026-02-25,8,4.2,0.0,14.4,3
ATL,2026-02-25,9,4.0,0.0,15.4,3
ATL,2026-02-25,10,3.5,0.0,15.9,3
ATL,2026-02-25,11,3.4,0.0,16.5,3
ATL,2026-02-25,12,4.7,0.0,17.9,3
ATL,2026-02-25,13,5.8,0.0,18.0,3
ATL,2026-02-25,14,8.5,0.0,19.6,3
ATL,2026-02-25,15,10.4,0.0,17.5,3
ATL,2026-02-25,16,12.5,0.0,17.8,3
ATL,2026-02-25,17,14.4,0.0,17.8,3
ATL,2026-02-25,18,14.0,0.0,19.4,3
ATL,2026-02-25,19,14.6,0.0,16.5,3
ATL,2026-02-25,20,16.2,0.0,22.9,3
ATL,2026-02-25,21,16.5,0.0,20.7,3
ATL,2026-02-25,22,16.2,0.0,17.1,3
ATL,2026-02-25,23,15.3,0.0,13.3,3
ATL,2026-02-26,0,14.1,0.0,7.2,3
ATL,2026-02-26,1,13.8,0.0,7.5,3
ATL,2026-02-26,2,13.2,0.0,8.3,3
ATL,2026-02-26,3,12.9,0.0,9.8,2
ATL,2026-02-26,4,12.0,0.0,11.6,3
ATL,2026-02-26,5,11.9,0.0,13.0,3
ATL,2026-02-26,6,13.8,0.0,15.8,3
ATL,2026-02-26,7,14.0,0.1,16.2,51
ATL,2026-02-26,8,13.8,0.1,18.4,51
ATL,2026-02-26,9,13.8,0.0,18.5,3
ATL,2026-02-26,10,13.7,0.2,18.5,51
ATL,2026-02-26,11,13.4,0.0,18.4,3
ATL,2026-02-26,12,14.5,0.6,19.8,53
ATL,2026-02-26,13,14.3,0.2,18.8,51
ATL,2026-02-26,14,14.2,1.1,18.1,55
ATL,2026-02-26,15,14.8,0.6,19.6,53
ATL,2026-02-26,16,16.2,0.5,21.0,53
ATL,2026-02-26,17,16.8,0.1,19.1,51
ATL,2026-02-26,18,17.2,0.5,18.7,53
ATL,2026-02-26,19,17.1,4.0,17.5,63
ATL,2026-02-26,20,16.7,0.5,20.4,53
ATL,2026-02-26,21,15.8,3.5,15.5,63
ATL,2026-02-26,22,17.5,0.1,12.0,51
ATL,2026-02-26,23,15.9,2.9,7.3,63
ATL,2026-02-27,0,15.2,9.1,17.1,65
ATL,2026-02-27,1,14.7,0.2,10.4,51
ATL,2026-02-27,2,13.9,0.1,6.6,51
ATL,2026-02-27,3,13.5,0.1,11.6,51
ATL,2026-02-27,4,13.2,0.6,7.9,53
ATL,2026-02-27,5,13.3,0.9,6.5,53
ATL,2026-02-27,6,13.8,0.4,3.0,51
ATL,2026-02-27,7,13.8,0.9,3.0,53
ATL,2026-02-27,8,13.6,3.7,5.4,63
ATL,2026-02-27,9,13.6,6.4,13.2,63
ATL,2026-02-27,10,13.7,1.2,12.1,55
ATL,2026-02-27,11,12.0,0.0,2.6,3
ATL,2026-02-27,12,12.2,0.0,4.8,3
ATL,2026-02-27,13,12.3,0.0,5.3,3
ATL,2026-02-27,14,12.9,0.0,5.5,3
ATL,2026-02-27,15,14.0,0.0,5.6,3
ATL,2026-02-27,16,16.0,0.0,3.8,0
ATL,2026-02-27,17,18.2,0.0,2.0,2
ATL,2026-02-27,18,17.4,0.0,3.6,2
ATL,2026-02-27,19,18.4,0.0,1.2,3
ATL,2026-02-27,20,18.9,0.0,2.8,3
ATL,2026-02-27,21,19.1,0.0,3.6,3
ATL,2026-02-27,22,18.7,0.0,5.6,2
ATL,2026-02-27,23,17.2,0.0,9.4,1
ATL,2026-02-28,0,15.7,0.0,1.9,1
ATL,2026-02-28,1,15.1,0.0,1.5,1
ATL,2026-02-28,2,14.2,0.0,1.8,0
ATL,2026-02-28,3,13.2,0.0,2.0,0
ATL,2026-02-28,4,12.3,0.0,2.6,0
ATL,2026-02-28,5,11.7,0.0,8.5,0
ATL,2026-02-28,6,10.6,0.0,8.3,0
ATL,2026-02-28,7,10.5,0.0,10.3,2
ATL,2026-02-28,8,10.8,0.0,9.7,3
ATL,2026-02-28,9,11.1,0.0,9.3,3
ATL,2026-02-28,10,11.3,0.0,9.1,3
ATL,2026-02-28,11,11.5,0.0,7.5,3
ATL,2026-02-28,12,10.8,0.0,6.3,3
ATL,2026-02-28,13,11.3,0.0,6.6,2
ATL,2026-02-28,14,12.4,0.0,7.2,2
ATL,2026-02-28,15,14.2,0.0,6.5,1
ATL,2026-02-28,16,15.6,0.0,3.3,2
ATL,2026-02-28,17,17.3,0.0,4.7,0
ATL,2026-02-28,18,17.9,0.0,5.9,0
ATL,2026-02-28,19,18.9,0.0,4.4,0
ATL,2026-02-28,20,19.4,0.0,3.7,0
ATL,2026-02-28,21,19.5,0.0,3.1,0
ATL,2026-02-28,22,19.3,0.0,2.0,0
ATL,2026-02-28,23,18.3,0.0,0.4,0
ATL,2026-03-01,0,15.6,0.0,4.3,0
ATL,2026-03-01,1,14.7,0.0,3.9,0
ATL,2026-03-01,2,13.2,0.0,4.1,0
ATL,2026-03-01,3,12.1,0.0,4.0,0
ATL,2026-03-01,4,11.2,0.0,4.2,0
ATL,2026-03-01,5,10.5,0.0,4.6,0
ATL,2026-03-01,6,9.4,0.0,4.7,0
ATL,2026-03-01,7,9.4,0.0,5.1,0
ATL,2026-03-01,8,9.4,0.0,6.1,0
ATL,2026-03-01,9,9.0,0.0,5.9,0
ATL,2026-03-01,10,8.7,0.0,6.3,0
ATL,2026-03-01,11,8.1,0.0,5.8,0
ATL,2026-03-01,12,7.5,0.0,5.6,0
ATL,2026-03-01,13,8.2,0.0,7.7,0
ATL,2026-03-01,14,11.5,0.0,5.6,0
ATL,2026-03-01,15,15.5,0.0,3.2,0
ATL,2026-03-01,16,19.0,0.0,4.1,0
ATL,2026-03-01,17,21.0,0.0,3.9,3
ATL,2026-03-01,18,22.7,0.0,2.2,3
ATL,2026-03-01,19,23.3,0.0,1.5,3
ATL,2026-03-01,20,23.5,0.0,2.0,3
ATL,2026-03-01,21,23.6,0.0,2.1,3
ATL,2026-03-01,22,23.5,0.0,2.9,3
ATL,2026-03-01,23,20.3,0.0,5.9,3
ATL,2026-03-02,0,17.7,0.0,3.1,3
ATL,2026-03-02,1,16.8,0.0,1.7,3
ATL,2026-03-02,2,15.8,0.0,4.0,3
ATL,2026-03-02,3,15.8,0.0,5.3,3
ATL,2026-03-02,4,14.7,0.0,5.8,2
ATL,2026-03-02,5,14.2,0.0,8.7,1
ATL,2026-03-02,6,13.3,0.0,7.2,3
ATL,2026-03-02,7,12.9,0.0,8.2,3
ATL,2026-03-02,8,13.0,0.0,7.6,3
ATL,2026-03-02,9,12.3,0.0,5.8,3
ATL,2026-03-02,10,11.5,0.0,4.1,2
ATL,2026-03-02,11,11.2,0.0,0.6,1
ATL,2026-03-02,12,10.4,0.0,3.1,2
ATL,2026-03-02,13,11.4,0.0,4.1,2
ATL,2026-03-02,14,14.4,0.0,6.7,2
ATL,2026-03-02,15,17.0,0.0,8.0,3
ATL,2026-03-02,16,18.6,0.0,9.9,1
ATL,2026-03-02,17,19.8,0.0,10.5,1
ATL,2026-03-02,18,21.1,0.0,10.0,0
ATL,2026-03-02,19,22.0,0.0,12.6,1
ATL,2026-03-02,20,22.4,0.0,12.4,1
ATL,2026-03-02,21,22.7,0.0,12.5,0
ATL,2026-03-02,22,21.2,0.0,10.7,1
ATL,2026-03-02,23,17.1,0.0,14.2,2
ATL,2026-03-03,0,13.9,0.0,20.0,2
ATL,2026-03-03,1,11.4,0.0,18.2,0
ATL,2026-03-03,2,11.1,0.0,19.1,0
ATL,2026-03-03,3,10.5,0.0,19.1,0
ATL,2026-03-03,4,10.1,0.0,18.5,0
ATL,2026-03-03,5,9.6,0.0,17.7,2
ATL,2026-03-03,6,9.3,0.0,17.8,2
ATL,2026-03-03,7,9.5,0.0,19.3,3
ATL,2026-03-03,8,10.1,0.0,18.3,3
ATL,2026-03-03,9,9.9,0.0,16.1,3
ATL,2026-03-03,10,9.9,0.0,15.2,3
ATL,2026-03-03,11,10.1,0.0,14.0,3
ATL,2026-03-03,12,9.1,0.0,11.1,3
ATL,2026-03-03,13,9.2,0.0,12.6,3
ATL,2026-03-03,14,9.4,0.0,13.8,3
ATL,2026-03-03,15,10.4,0.0,13.5,3
ATL,2026-03-03,16,11.6,0.0,15.3,3
ATL,2026-03-03,17,12.6,0.0,14.7,3
ATL,2026-03-03,18,13.5,0.0,13.4,3
ATL,2026-03-03,19,14.6,0.0,12.1,3
ATL,2026-03-03,20,14.7,0.0,10.6,3
ATL,2026-03-03,21,15.5,0.0,10.2,3
ATL,2026-03-03,22,15.5,0.0,9.9,3
ATL,2026-03-03,23,15.2,0.0,6.9,3
ATL,2026-03-04,0,14.5,0.0,10.3,0
ATL,2026-03-04,1,13.3,0.0,10.2,1
ATL,2026-03-04,2,12.4,0.0,9.7,0
ATL,2026-03-04,3,11.9,0.0,9.5,1
ATL,2026-03-04,4,11.5,0.0,11.3,1
ATL,2026-03-04,5,11.2,0.0,11.2,1
ATL,2026-03-04,6,11.9,0.0,10.0,3
ATL,2026-03-04,7,11.2,0.0,8.5,3
ATL,2026-03-04,8,10.7,0.0,8.0,3
ATL,2026-03-04,9,10.5,0.0,6.7,3
ATL,2026-03-04,10,10.4,0.0,5.6,3
ATL,2026-03-04,11,10.3,0.0,5.5,3
ATL,2026-03-04,12,11.0,0.0,7.0,3
ATL,2026-03-04,13,11.7,0.0,6.7,3
ATL,2026-03-04,14,12.5,0.0,6.6,3
ATL,2026-03-04,15,13.6,0.0,7.5,3
ATL,2026-03-04,16,15.0,0.0,6.1,3
ATL,2026-03-04,17,16.8,0.0,6.3,3
ATL,2026-03-04,18,19.8,0.0,7.2,1
ATL,2026-03-04,19,21.2,0.0,7.6,3
ATL,2026-03-04,20,21.5,0.0,8.6,1
ATL,2026-03-04,21,21.9,0.0,9.9,0
ATL,2026-03-04,22,21.7,0.0,9.2,2
ATL,2026-03-04,23,20.5,0.0,2.7,0
ATL,2026-03-05,0,18.2,0.0,5.0,0
ATL,2026-03-05,1,18.2,0.0,8.8,0
ATL,2026-03-05,2,17.0,0.0,9.8,0
ATL,2026-03-05,3,16.2,0.0,10.3,0
ATL,2026-03-05,4,15.9,0.0,11.2,0
ATL,2026-03-05,5,15.8,0.0,10.0,3
ATL,2026-03-05,6,15.2,0.0,10.9,3
ATL,2026-03-05,7,15.0,0.0,10.6,3
ATL,2026-03-05,8,14.6,0.0,10.4,3
ATL,2026-03-05,9,14.1,0.0,9.2,3
ATL,2026-03-05,10,13.9,0.0,10.2,3
ATL,2026-03-05,11,13.9,0.0,10.4,3
ATL,2026-03-05,12,14.4,0.0,11.8,2
ATL,2026-03-05,13,15.0,0.0,11.8,3
ATL,2026-03-05,14,16.9,0.0,13.0,3
ATL,2026-03-05,15,18.6,0.0,12.0,3
ATL,2026-03-05,16,20.6,0.0,12.7,3
ATL,2026-03-05,17,22.2,0.0,11.7,1
ATL,2026-03-05,18,22.6,0.0,12.8,1
ATL,2026-03-05,19,23.7,0.1,12.2,51
ATL,2026-03-05,20,24.6,0.0,10.2,1
ATL,2026-03-05,21,24.8,0.0,9.7,1
ATL,2026-03-05,22,24.4,0.1,9.8,51
ATL,2026-03-05,23,22.8,0.0,6.0,1
ATL,2026-03-06,0,21.1,0.0,7.8,0
ATL,2026-03-06,1,20.1,0.0,7.4,0
ATL,2026-03-06,2,19.2,0.0,8.1,0
ATL,2026-03-06,3,18.8,0.0,10.1,0
ATL,2026-03-06,4,18.5,0.0,9.3,2
ATL,2026-03-06,5,18.1,0.0,11.2,3
ATL,2026-03-06,6,17.7,0.0,10.3,3
ATL,2026-03-06,7,17.3,0.0,7.0,3
ATL,2026-03-06,8,16.5,0.0,6.8,3
ATL,2026-03-06,9,16.1,0.0,6.9,1
ATL,2026-03-06,10,15.7,0.0,6.7,0
ATL,2026-03-06,11,15.2,0.0,7.0,1
ATL,2026-03-06,12,14.6,0.0,7.3,2
ATL,2026-03-06,13,15.7,0.0,8.2,0
ATL,2026-03-06,14,18.7,0.0,5.3,0
ATL,2026-03-06,15,21.6,0.0,6.2,0
ATL,2026-03-06,16,23.9,0.0,10.3,0
ATL,2026-03-06,17,25.4,0.0,11.5,2
ATL,2026-03-06,18,26.5,0.0,12.4,2
ATL,2026-03-06,19,26.4,0.0,10.7,2
ATL,2026-03-06,20,26.8,0.0,10.3,3
ATL,2026-03-06,21,23.6,0.0,18.0,2
ATL,2026-03-06,22,21.9,0.0,14.7,2
ATL,2026-03-06,23,20.6,0.0,8.6,3
ATL,2026-03-07,0,18.7,0.0,2.6,3
ATL,2026-03-07,1,18.7,1.4,9.5,61
ATL,2026-03-07,2,18.3,0.0,11.8,3
ATL,2026-03-07,3,17.7,0.0,11.2,3
ATL,2026-03-07,4,17.2,0.0,10.4,3
ATL,2026-03-07,5,17.3,0.0,12.5,2
ATL,2026-03-07,6,18.5,0.0,13.4,3
ATL,2026-03-07,7,17.9,0.0,10.2,3
ATL,2026-03-07,8,17.5,0.0,9.9,3
ATL,2026-03-07,9,16.9,0.0,10.8,0
ATL,2026-03-07,10,16.4,0.0,9.7,0
ATL,2026-03-07,11,16.0,0.0,8.1,1
ATL,2026-03-07,12,16.3,0.0,9.5,0
ATL,2026-03-07,13,17.1,0.0,9.4,0
ATL,2026-03-07,14,19.1,0.0,11.6,2
ATL,2026-03-07,15,21.5,0.0,13.3,0
ATL,2026-03-07,16,23.5,0.1,15.9,51
ATL,2026-03-07,17,24.8,0.1,18.2,51
ATL,2026-03-07,18,25.7,0.0,14.7,1
ATL,2026-03-07,19,26.9,0.0,15.2,0
ATL,2026-03-07,20,27.3,0.0,16.7,1
ATL,2026-03-07,21,26.9,0.0,16.7,1
ATL,2026-03-07,22,26.1,0.1,15.7,51
ATL,2026-03-07,23,24.7,0.1,11.6,51
ATL,2026-03-08,0,21.9,0.2,17.5,51
ATL,2026-03-08,1,19.4,3.9,9.8,63
ATL,2026-03-08,2,19.3,0.0,13.6,3
ATL,2026-03-08,3,19.0,0.0,14.0,3
ATL,2026-03-08,4,17.8,0.1,10.3,51
ATL,2026-03-08,5,17.2,0.0,8.5,3
ATL,2026-03-08,6,17.0,0.0,6.4,3
ATL,2026-03-08,7,16.7,0.1,7.6,51
ATL,2026-03-08,8,16.1,0.0,9.3,2
ATL,2026-03-08,9,15.7,0.0,9.0,3
ATL,2026-03-08,10,15.8,0.0,8.4,3
ATL,2026-03-08,11,15.7,0.0,7.4,3
ATL,2026-03-08,12,15.9,0.1,5.6,51
ATL,2026-03-08,13,16.4,0.1,8.2,51
ATL,2026-03-08,14,16.8,0.5,8.3,53
ATL,2026-03-08,15,17.4,0.9,5.1,53
ATL,2026-03-08,16,17.8,0.3,6.6,51
ATL,2026-03-08,17,19.3,0.1,11.2,51
ATL,2026-03-08,18,19.8,0.2,5.0,51
ATL,2026-03-08,19,20.0,0.2,8.7,51
ATL,2026-03-08,20,19.0,3.8,10.7,63
ATL,2026-03-08,21,18.3,2.6,6.2,63
ATL,2026-03-08,22,18.3,0.1,1.6,51
ATL,2026-03-08,23,18.3,0.0,0.8,1
ATL,2026-03-09,0,18.2,0.0,1.0,1
ATL,2026-03-09,1,17.2,0.0,0.6,1
ATL,2026-03-09,2,16.5,0.0,2.5,1
ATL,2026-03-09,3,16.4,0.2,8.7,51
ATL,2026-03-09,4,16.3,0.1,4.9,51
ATL,2026-03-09,5,15.5,0.0,3.8,1
ATL,2026-03-09,6,16.0,0.0,9.7,3
ATL,2026-03-09,7,16.0,0.6,6.0,53
ATL,2026-03-09,8,15.7,0.0,5.4,0
ATL,2026-03-09,9,15.0,0.0,6.2,1
ATL,2026-03-09,10,14.7,0.0,7.8,3
ATL,2026-03-09,11,14.9,0.0,7.6,3
ATL,2026-03-09,12,14.5,0.0,8.0,3
ATL,2026-03-09,13,15.1,0.0,6.9,3
ATL,2026-03-09,14,16.1,0.0,5.4,3
ATL,2026-03-09,15,18.6,0.0,4.9,3
ATL,2026-03-09,16,21.2,0.0,9.9,1
ATL,2026-03-09,17,22.6,0.0,8.8,1
ATL,2026-03-09,18,23.6,0.0,8.0,2
ATL,2026-03-09,19,24.7,0.0,11.1,2
ATL,2026-03-09,20,25.1,0.0,10.3,1
ATL,2026-03-09,21,25.5,0.0,9.5,1
ATL,2026-03-09,22,25.4,0.0,10.5,1
ATL,2026-03-09,23,24.0,0.0,8.2,3
ATL,2026-03-10,0,21.3,0.0,9.6,3
ATL,2026-03-10,1,20.6,0.1,4.9,51
ATL,2026-03-10,2,18.9,3.3,5.2,63
ATL,2026-03-10,3,17.7,2.8,14.2,63
ATL,2026-03-10,4,16.7,5.2,10.5,63
ATL,2026-03-10,5,16.3,5.8,8.7,63
ATL,2026-03-10,6,15.8,2.0,18.6,61
ATL,2026-03-10,7,16.4,0.1,14.6,51
ATL,2026-03-10,8,16.6,0.0,13.1,0
ATL,2026-03-10,9,16.2,0.0,10.5,0
ATL,2026-03-10,10,16.0,0.0,11.1,0
ATL,2026-03-10,11,15.8,0.0,12.4,0
ATL,2026-03-10,12,15.9,0.0,11.2,0
ATL,2026-03-10,13,16.7,0.0,10.6,0
ATL,2026-03-10,14,18.5,0.0,12.5,2
ATL,2026-03-10,15,20.8,0.0,13.2,2
ATL,2026-03-10,16,22.7,0.0,6.5,1
ATL,2026-03-10,17,24.8,0.0,6.6,1
ATL,2026-03-10,18,25.1,0.0,7.6,2
ATL,2026-03-10,19,26.2,0.0,7.4,1
ATL,2026-03-10,20,26.5,0.0,9.2,1
ATL,2026-03-10,21,26.6,0.1,10.0,51
ATL,2026-03-10,22,24.6,0.0,10.8,3
ATL,2026-03-10,23,24.0,0.0,5.2,2
ATL,2026-03-11,0,22.2,0.0,4.3,3
ATL,2026-03-11,1,21.9,0.0,2.7,3
ATL,2026-03-11,2,21.1,0.0,3.1,3
ATL,2026-03-11,3,20.8,0.0,6.5,2
ATL,2026-03-11,4,20.1,0.0,9.7,3
ATL,2026-03-11,5,19.7,0.0,9.9,3
ATL,2026-03-11,6,19.3,0.0,11.9,1
ATL,2026-03-11,7,18.9,0.0,13.1,3
ATL,2026-03-11,8,18.7,0.0,11.6,3
ATL,2026-03-11,9,18.3,0.0,11.2,3
ATL,2026-03-11,10,17.9,0.0,11.3,3
ATL,2026-03-11,11,17.4,0.0,10.9,3
ATL,2026-03-11,12,16.8,0.0,10.1,2
ATL,2026-03-11,13,17.8,0.0,12.9,3
ATL,2026-03-11,14,18.1,0.0,14.6,3
ATL,2026-03-11,15,19.4,0.0,16.3,3
ATL,2026-03-11,16,22.6,0.0,13.7,3
ATL,2026-03-11,17,24.9,0.0,14.0,3
ATL,2026-03-11,18,26.3,0.0,18.7,3
ATL,2026-03-11,19,27.1,0.0,19.6,2
ATL,2026-03-11,20,27.7,0.0,20.5,2
ATL,2026-03-11,21,27.8,0.0,21.3,3
ATL,2026-03-11,22,26.3,0.0,22.3,1
ATL,2026-03-11,23,25.5,0.0,15.9,2
ATL,2026-03-12,0,23.7,0.0,11.2,3
ATL,2026-03-12,1,22.3,0.0,9.2,3
ATL,2026-03-12,2,21.9,0.0,12.9,3
ATL,2026-03-12,3,21.5,0.0,13.7,2
ATL,2026-03-12,4,21.1,0.0,17.0,3
ATL,2026-03-12,5,20.8,0.0,17.7,3
ATL,2026-03-12,6,20.7,0.0,18.1,3
ATL,2026-03-12,7,19.9,0.1,14.0,51
ATL,2026-03-12,8,17.8,1.2,14.1,55
ATL,2026-03-12,9,17.6,3.5,8.9,63
ATL,2026-03-12,10,13.9,10.0,29.9,65
ATL,2026-03-12,11,10.4,2.6,27.0,63
ATL,2026-03-12,12,9.6,1.8,27.1,61
ATL,2026-03-12,13,8.5,0.4,26.0,51
ATL,2026-03-12,14,8.0,0.1,27.0,51
ATL,2026-03-12,15,8.1,0.0,31.1,2
ATL,2026-03-12,16,8.8,0.0,28.8,3
ATL,2026-03-12,17,9.4,0.0,25.3,0
ATL,2026-03-12,18,10.5,0.0,26.3,1
ATL,2026-03-12,19,11.4,0.0,24.2,0
ATL,2026-03-12,20,12.2,0.0,23.9,0
ATL,2026-03-12,21,12.4,0.0,23.2,0
ATL,2026-03-12,22,12.1,0.0,19.6,0
ATL,2026-03-12,23,11.2,0.0,13.3,0
ATL,2026-03-13,0,9.6,0.0,10.9,0
ATL,2026-03-13,1,8.4,0.0,9.9,0
ATL,2026-03-13,2,7.5,0.0,8.4,0
ATL,2026-03-13,3,6.9,0.0,7.0,0
ATL,2026-03-13,4,6.5,0.0,6.6,0
ATL,2026-03-13,5,6.0,0.0,6.0,0
ATL,2026-03-13,6,4.5,0.0,7.1,0
ATL,2026-03-13,7,4.2,0.0,8.3,0
ATL,2026-03-13,8,4.0,0.0,9.5,0
ATL,2026-03-13,9,3.8,0.0,10.1,0
ATL,2026-03-13,10,3.6,0.0,10.5,0
ATL,2026-03-13,11,3.4,0.0,10.1,0
ATL,2026-03-13,12,3.2,0.0,10.9,0
ATL,2026-03-13,13,4.5,0.0,12.1,0
ATL,2026-03-13,14,7.0,0.0,11.5,0
ATL,2026-03-13,15,9.5,0.0,11.7,0
ATL,2026-03-13,16,11.9,0.0,11.9,0
ATL,2026-03-13,17,13.8,0.0,10.4,0
ATL,2026-03-13,18,15.5,0.0,9.1,0
ATL,2026-03-13,19,16.7,0.0,10.5,0
ATL,2026-03-13,20,17.5,0.0,10.2,0
ATL,2026-03-13,21,18.0,0.0,9.6,0
ATL,2026-03-13,22,18.0,0.0,10.4,0
ATL,2026-03-13,23,16.6,0.0,7.4,0
ATL,2026-03-14,0,14.7,0.0,9.3,0
ATL,2026-03-14,1,13.5,0.0,9.7,1
ATL,2026-03-14,2,12.6,0.0,7.9,0
ATL,2026-03-14,3,11.8,0.0,7.5,0
ATL,2026-03-14,4,11.1,0.0,7.1,0
ATL,2026-03-14,5,10.4,0.0,6.4,0
ATL,2026-03-14,6,8.9,0.0,5.4,0
ATL,2026-03-14,7,8.7,0.0,7.3,0
ATL,2026-03-14,8,8.4,0.0,7.0,0
ATL,2026-03-14,9,8.0,0.0,5.8,0
ATL,2026-03-14,10,7.2,0.0,5.0,0
ATL,2026-03-14,11,6.8,0.0,4.7,0
ATL,2026-03-14,12,6.0,0.0,4.6,0
ATL,2026-03-14,13,8.4,0.0,6.2,0
ATL,2026-03-14,14,13.0,0.0,3.1,3
ATL,2026-03-14,15,16.6,0.0,2.6,3
ATL,2026-03-14,16,19.0,0.0,3.2,3
ATL,2026-03-14,17,20.4,0.0,3.3,3
ATL,2026-03-14,18,22.3,0.0,4.5,0
ATL,2026-03-14,19,23.1,0.0,5.7,0
ATL,2026-03-14,20,23.6,0.0,6.8,2
ATL,2026-03-14,21,23.6,0.0,8.3,3
ATL,2026-03-14,22,23.0,0.0,8.3,0
ATL,2026-03-14,23,20.9,0.0,7.6,0
ATL,2026-03-15,0,19.3,0.0,10.7,0
ATL,2026-03-15,1,18.1,0.0,11.6,0
ATL,2026-03-15,2,16.5,0.0,10.2,0
ATL,2026-03-15,3,15.5,0.0,10.1,0
ATL,2026-03-15,4,15.0,0.0,10.4,0
ATL,2026-03-15,5,14.7,0.0,11.2,0
ATL,2026-03-15,6,14.9,0.0,11.8,0
ATL,2026-03-15,7,13.9,0.0,14.3,0
ATL,2026-03-15,8,13.1,0.0,13.0,0
ATL,2026-03-15,9,12.4,0.0,12.2,0
ATL,2026-03-15,10,11.9,0.0,11.8,3
ATL,2026-03-15,11,11.5,0.0,10.7,3
ATL,2026-03-15,12,11.8,0.0,11.0,3
ATL,2026-03-15,13,12.9,0.0,10.8,2
ATL,2026-03-15,14,15.2,0.0,9.3,0
ATL,2026-03-15,15,17.8,0.0,12.0,2
ATL,2026-03-15,16,19.5,0.0,15.1,1
ATL,2026-03-15,17,21.1,0.2,13.9,51
ATL,2026-03-15,18,21.3,0.4,16.9,51
ATL,2026-03-15,19,20.6,0.2,15.5,51
ATL,2026-03-15,20,20.5,0.2,14.9,51
ATL,2026-03-15,21,21.5,0.1,14.5,51
ATL,2026-03-15,22,22.6,0.0,13.0,3
ATL,2026-03-15,23,21.7,0.0,11.0,3
ATL,2026-03-16,0,19.8,0.0,12.6,3
ATL,2026-03-16,1,18.7,0.0,11.5,3
ATL,2026-03-16,2,17.9,0.0,15.2,2
ATL,2026-03-16,3,18.1,0.0,17.8,3
ATL,2026-03-16,4,18.0,0.0,17.5,3
ATL,2026-03-16,5,18.1,0.0,19.3,3
ATL,2026-03-16,6,17.9,0.0,19.2,3
ATL,2026-03-16,7,16.4,6.0,18.1,63
ATL,2026-03-16,8,16.7,0.6,21.1,53
ATL,2026-03-16,9,15.8,5.1,14.3,63
ATL,2026-03-16,10,16.5,2.8,16.2,63
ATL,2026-03-16,11,15.8,2.1,24.0,61
ATL,2026-03-16,12,14.6,0.6,23.1,53
ATL,2026-03-16,13,14.2,1.2,16.6,55
ATL,2026-03-16,14,11.1,0.3,16.5,51
ATL,2026-03-16,15,9.2,0.8,24.3,53
ATL,2026-03-16,16,6.9,0.5,21.3,53
ATL,2026-03-16,17,5.5,0.5,22.3,53
ATL,2026-03-16,18,5.4,0.3,20.7,51
ATL,2026-03-16,19,4.1,0.4,23.1,51
ATL,2026-03-16,20,3.7,0.1,27.3,51
ATL,2026-03-16,21,4.5,0.0,28.5,2
ATL,2026-03-16,22,4.6,0.0,29.1,3
ATL,2026-03-16,23,3.6,0.0,28.1,3
ATL,2026-03-17,0,2.2,0.0,26.7,3
ATL,2026-03-17,1,2.0,0.0,25.5,3
ATL,2026-03-17,2,2.0,0.0,23.7,1
ATL,2026-03-17,3,1.4,0.0,18.9,3
ATL,2026-03-17,4,1.2,0.0,16.5,3
ATL,2026-03-17,5,0.9,0.0,15.5,3
ATL,2026-03-17,6,0.1,0.0,14.1,2
ATL,2026-03-17,7,-0.4,0.0,11.1,1
ATL,2026-03-17,8,-0.7,0.0,10.7,1
ATL,2026-03-17,9,-0.9,0.0,9.5,3
ATL,2026-03-17,10,-0.5,0.0,7.9,2
ATL,2026-03-17,11,-0.6,0.0,7.9,1
ATL,2026-03-17,12,-2.1,0.0,7.7,1
ATL,2026-03-17,13,-0.8,0.0,8.0,0
ATL,2026-03-17,14,1.1,0.0,13.0,1
ATL,2026-03-17,15,2.4,0.0,13.0,0
ATL,2026-03-17,16,3.7,0.0,13.2,0
ATL,2026-03-17,17,4.9,0.0,14.0,0
ATL,2026-03-17,18,6.2,0.0,13.5,0
ATL,2026-03-17,19,6.9,0.0,15.2,3
ATL,2026-03-17,20,7.4,0.0,16.2,0
ATL,2026-03-17,21,7.5,0.0,16.8,0
ATL,2026-03-17,22,6.7,0.0,17.2,0
ATL,2026-03-17,23,5.5,0.0,16.1,0
ATL,2026-03-18,0,4.5,0.0,12.5,0
ATL,2026-03-18,1,3.2,0.0,11.9,0
ATL,2026-03-18,2,2.3,0.0,10.1,0
ATL,2026-03-18,3,1.5,0.0,5.9,2
ATL,2026-03-18,4,0.8,0.0,3.9,2
ATL,2026-03-18,5,0.5,0.0,3.9,1
ATL,2026-03-18,6,-0.3,0.0,5.1,3
ATL,2026-03-18,7,-1.1,0.0,3.2,2
ATL,2026-03-18,8,-1.3,0.0,2.9,3
ATL,2026-03-18,9,-1.0,0.0,3.3,3
ATL,2026-03-18,10,-1.0,0.0,2.9,2
ATL,2026-03-18,11,-1.6,0.0,3.8,0
ATL,2026-03-18,12,-1.3,0.0,1.9,0
ATL,2026-03-18,13,1.4,0.0,0.9,0
ATL,2026-03-18,14,4.0,0.0,3.2,2
ATL,2026-03-18,15,5.6,0.0,3.9,0
ATL,2026-03-18,16,7.0,0.0,4.0,1
ATL,2026-03-18,17,8.3,0.0,2.9,0
ATL,2026-03-18,18,9.7,0.0,3.2,0
ATL,2026-03-18,19,10.9,0.0,2.8,3
ATL,2026-03-18,20,10.8,0.0,1.6,3
ATL,2026-03-18,21,10.8,0.0,0.9,3
ATL,2026-03-18,22,10.8,0.0,3.2,2
ATL,2026-03-18,23,10.2,0.0,5.1,0
ATL,2026-03-19,0,8.6,0.0,4.5,0
ATL,2026-03-19,1,7.8,0.0,8.1,0
ATL,2026-03-19,2,6.5,0.0,7.7,0
ATL,2026-03-19,3,5.8,0.0,7.1,0
ATL,2026-03-19,4,5.2,0.0,8.3,0
ATL,2026-03-19,5,4.8,0.0,8.4,0
ATL,2026-03-19,6,3.9,0.0,8.0,0
ATL,2026-03-19,7,3.4,0.0,5.8,0
ATL,2026-03-19,8,2.8,0.0,5.0,0
ATL,2026-03-19,9,2.2,0.0,4.8,1
ATL,2026-03-19,10,1.8,0.0,4.4,0
ATL,2026-03-19,11,1.5,0.0,4.3,2
ATL,2026-03-19,12,1.7,0.0,4.6,3
ATL,2026-03-19,13,4.1,0.0,5.1,1
ATL,2026-03-19,14,7.5,0.0,3.1,1
ATL,2026-03-19,15,10.6,0.0,4.6,3
ATL,2026-03-19,16,13.1,0.0,5.1,1
ATL,2026-03-19,17,15.1,0.0,5.7,0
ATL,2026-03-19,18,16.9,0.0,4.6,0
ATL,2026-03-19,19,18.0,0.0,3.1,0
ATL,2026-03-19,20,18.4,0.0,2.6,0
ATL,2026-03-19,21,18.7,0.0,1.9,0
ATL,2026-03-19,22,18.6,0.0,2.2,0
ATL,2026-03-19,23,17.1,0.0,2.7,0
ATL,2026-03-20,0,14.7,0.0,7.0,0
ATL,2026-03-20,1,13.3,0.0,6.3,0
ATL,2026-03-20,2,12.1,0.0,6.0,0
ATL,2026-03-20,3,11.2,0.0,7.0,0
ATL,2026-03-20,4,10.0,0.0,5.4,0
ATL,2026-03-20,5,9.5,0.0,5.7,0
ATL,2026-03-20,6,7.9,0.0,5.0,0
ATL,2026-03-20,7,7.7,0.0,4.7,0
ATL,2026-03-20,8,7.4,0.0,1.9,0
ATL,2026-03-20,9,7.0,0.0,1.3,0
ATL,2026-03-20,10,6.5,0.0,1.1,0
ATL,2026-03-20,11,5.8,0.0,2.5,0
ATL,2026-03-20,12,5.6,0.0,1.0,0
ATL,2026-03-20,13,7.8,0.0,3.8,0
ATL,2026-03-20,14,12.5,0.0,3.2,0
ATL,2026-03-20,15,16.0,0.0,4.2,0
ATL,2026-03-20,16,18.7,0.0,6.1,0
ATL,2026-03-20,17,20.3,0.0,7.2,0
ATL,2026-03-20,18,22.1,0.0,8.9,1
ATL,2026-03-20,19,22.7,0.0,10.2,1
ATL,2026-03-20,20,23.1,0.0,11.2,3
ATL,2026-03-20,21,23.1,0.0,11.6,3
ATL,2026-03-20,22,22.5,0.0,12.3,3
ATL,2026-03-20,23,20.6,0.0,8.9,3
ATL,2026-03-21,0,18.6,0.0,11.5,3
ATL,2026-03-21,1,17.6,0.0,13.1,2
ATL,2026-03-21,2,16.6,0.0,13.5,2
ATL,2026-03-21,3,15.8,0.0,13.7,2
ATL,2026-03-21,4,15.3,0.0,13.4,1
ATL,2026-03-21,5,15.0,0.0,13.2,2
ATL,2026-03-21,6,15.0,0.0,13.6,3
ATL,2026-03-21,7,14.5,0.0,13.0,3
ATL,2026-03-21,8,14.2,0.0,14.6,3
ATL,2026-03-21,9,14.0,0.0,14.5,1
ATL,2026-03-21,10,13.8,0.0,13.2,3
ATL,2026-03-21,11,13.7,0.0,12.8,3
ATL,2026-03-21,12,13.7,0.0,13.5,3
ATL,2026-03-21,13,15.0,0.0,12.9,3
ATL,2026-03-21,14,17.6,0.0,11.2,0
ATL,2026-03-21,15,20.3,0.0,11.4,1
ATL,2026-03-21,16,22.6,0.0,11.9,1
ATL,2026-03-21,17,24.6,0.0,11.4,1
ATL,2026-03-21,18,26.5,0.0,10.8,3
ATL,2026-03-21,19,27.1,0.0,10.9,0
ATL,2026-03-21,20,27.3,0.0,12.3,0
ATL,2026-03-21,21,27.0,0.0,13.6,0
ATL,2026-03-21,22,26.3,0.0,13.9,0
ATL,2026-03-21,23,24.8,0.0,10.7,0
ATL,2026-03-22,0,22.7,0.0,7.2,0
ATL,2026-03-22,1,21.4,0.0,11.2,0
ATL,2026-03-22,2,20.3,0.0,13.4,0
ATL,2026-03-22,3,19.5,0.0,13.9,0
ATL,2026-03-22,4,18.7,0.0,12.8,0
ATL,2026-03-22,5,17.9,0.0,12.2,0
ATL,2026-03-22,6,17.5,0.0,12.0,0
ATL,2026-03-22,7,17.1,0.0,10.1,0
ATL,2026-03-22,8,16.6,0.0,11.1,0
ATL,2026-03-22,9,16.0,0.0,11.5,0
ATL,2026-03-22,10,15.3,0.0,11.7,0
ATL,2026-03-22,11,14.8,0.0,11.4,0
ATL,2026-03-22,12,14.5,0.0,10.6,0
ATL,2026-03-22,13,15.8,0.0,10.4,0
ATL,2026-03-22,14,18.2,0.0,8.8,0
ATL,2026-03-22,15,20.9,0.0,8.9,0
ATL,2026-03-22,16,23.5,0.0,9.3,0
ATL,2026-03-22,17,25.4,0.0,10.3,0
ATL,2026-03-22,18,27.0,0.0,10.7,0
ATL,2026-03-22,19,27.5,0.0,12.4,0
ATL,2026-03-22,20,27.7,0.0,14.2,0
ATL,2026-03-22,21,27.4,0.0,16.1,0
ATL,2026-03-22,22,26.6,0.0,16.5,0
ATL,2026-03-22,23,25.3,0.0,14.4,0
ATL,2026-03-23,0,23.8,0.0,14.5,0
ATL,2026-03-23,1,22.5,0.0,15.2,0
ATL,2026-03-23,2,21.8,0.0,16.3,0
ATL,2026-03-23,3,21.1,0.0,16.3,0
ATL,2026-03-23,4,20.7,0.0,16.3,0
ATL,2026-03-23,5,20.0,0.0,16.9,0
ATL,2026-03-23,6,20.0,0.0,18.9,0
ATL,2026-03-23,7,19.2,0.0,18.4,0
ATL,2026-03-23,8,18.5,0.0,16.9,0
ATL,2026-03-23,9,18.0,0.0,16.2,0
ATL,2026-03-23,10,17.8,0.0,16.9,1
ATL,2026-03-23,11,17.7,0.0,16.8,1
ATL,2026-03-23,12,17.8,0.0,17.5,2
ATL,2026-03-23,13,19.2,0.0,14.2,0
ATL,2026-03-23,14,21.0,0.0,16.0,0
ATL,2026-03-23,15,22.9,0.0,17.2,1
ATL,2026-03-23,16,24.0,0.0,21.0,3
ATL,2026-03-23,17,24.4,0.0,17.2,3
ATL,2026-03-23,18,25.6,0.0,13.6,3
ATL,2026-03-23,19,25.3,0.0,18.6,3
ATL,2026-03-23,20,24.3,0.0,20.6,2
ATL,2026-03-23,21,22.7,0.0,21.5,1
ATL,2026-03-23,22,20.9,0.0,21.6,1
ATL,2026-03-23,23,19.3,0.0,19.3,1
ATL,2026-03-24,0,18.2,0.0,17.2,2
ATL,2026-03-24,1,16.4,0.0,17.5,2
ATL,2026-03-24,2,14.9,0.0,17.1,1
ATL,2026-03-24,3,13.3,0.0,15.7,1
ATL,2026-03-24,4,11.9,0.0,13.6,2
ATL,2026-03-24,5,10.9,0.0,12.8,1
ATL,2026-03-24,6,10.4,0.0,11.8,0
ATL,2026-03-24,7,9.9,0.0,9.6,2
ATL,2026-03-24,8,10.2,0.0,11.2,3
ATL,2026-03-24,9,11.0,0.0,14.4,3
ATL,2026-03-24,10,10.5,0.0,14.8,3
ATL,2026-03-24,11,10.1,0.0,15.2,3
ATL,2026-03-24,12,10.1,0.0,13.9,3
ATL,2026-03-24,13,11.1,0.0,12.6,3
ATL,2026-03-24,14,11.7,0.0,17.2,3
ATL,2026-03-24,15,12.8,0.0,18.4,3
ATL,2026-03-24,16,14.9,0.0,18.5,0
ATL,2026-03-24,17,16.7,0.0,15.9,1
ATL,2026-03-24,18,18.1,0.0,13.4,2
ATL,2026-03-24,19,18.9,0.0,13.0,1
ATL,2026-03-24,20,19.1,0.0,13.9,2
ATL,2026-03-24,21,19.1,0.0,13.9,2
ATL,2026-03-24,22,18.6,0.0,12.4,3
ATL,2026-03-24,23,17.8,0.0,10.4,3
ATL,2026-03-25,0,16.8,0.0,10.2,3
ATL,2026-03-25,1,15.6,0.0,13.6,3
ATL,2026-03-25,2,14.6,0.0,15.9,3
ATL,2026-03-25,3,13.6,0.0,14.8,1
ATL,2026-03-25,4,12.5,0.0,14.6,3
ATL,2026-03-25,5,12.1,0.0,13.4,3
ATL,2026-03-25,6,12.2,0.0,12.5,2
ATL,2026-03-25,7,11.3,0.0,12.1,2
ATL,2026-03-25,8,10.1,0.0,11.2,3
ATL,2026-03-25,9,9.5,0.0,12.6,3
ATL,2026-03-25,10,9.5,0.0,12.8,3
ATL,2026-03-25,11,8.9,0.0,11.3,1
ATL,2026-03-25,12,9.9,0.0,12.6,3
ATL,2026-03-25,13,10.7,0.0,12.3,3
ATL,2026-03-25,14,11.5,0.0,13.0,3
ATL,2026-03-25,15,12.6,0.0,12.5,3
ATL,2026-03-25,16,14.2,0.0,12.5,3
ATL,2026-03-25,17,16.1,0.0,13.3,2
ATL,2026-03-25,18,16.5,0.0,11.0,3
ATL,2026-03-25,19,18.1,0.0,9.7,2
ATL,2026-03-25,20,18.8,0.0,9.2,3
ATL,2026-03-25,21,19.7,0.0,8.3,3
ATL,2026-03-25,22,19.2,0.0,9.4,3
ATL,2026-03-25,23,18.0,0.0,10.0,2
ATL,2026-03-26,0,16.3,0.0,10.4,3
ATL,2026-03-26,1,15.3,0.0,12.4,2
ATL,2026-03-26,2,14.6,0.0,12.1,0
ATL,2026-03-26,3,14.0,0.0,11.7,0
ATL,2026-03-26,4,13.6,0.0,10.6,0
ATL,2026-03-26,5,13.2,0.0,10.1,0
ATL,2026-03-26,6,12.4,0.0,8.5,0
ATL,2026-03-26,7,12.2,0.0,8.5,0
ATL,2026-03-26,8,11.9,0.0,8.9,0
ATL,2026-03-26,9,11.6,0.0,7.6,0
ATL,2026-03-26,10,11.4,0.0,7.8,0
ATL,2026-03-26,11,11.3,0.0,6.2,0
ATL,2026-03-26,12,11.5,0.0,7.8,0
ATL,2026-03-26,13,13.4,0.0,5.0,0
ATL,2026-03-26,14,16.2,0.0,4.3,0
ATL,2026-03-26,15,19.3,0.0,6.0,0
ATL,2026-03-26,16,21.9,0.0,7.8,0
ATL,2026-03-26,17,24.6,0.0,9.5,2
ATL,2026-03-26,18,23.4,0.0,9.6,2
ATL,2026-03-26,19,25.1,0.0,10.9,1
ATL,2026-03-26,20,26.1,0.0,12.2,3
ATL,2026-03-26,21,25.9,0.0,12.6,2
ATL,2026-03-26,22,25.8,0.0,13.6,1
ATL,2026-03-26,23,25.2,0.0,10.8,0
ATL,2026-03-27,0,23.1,0.0,9.7,0
ATL,2026-03-27,1,22.0,0.0,12.2,0
ATL,2026-03-27,2,21.0,0.0,12.8,0
ATL,2026-03-27,3,19.7,0.0,13.1,0
ATL,2026-03-27,4,19.1,0.0,12.5,0
ATL,2026-03-27,5,18.6,0.0,12.9,0
ATL,2026-03-27,6,18.1,0.0,13.4,0
ATL,2026-03-27,7,17.4,0.0,10.9,0
ATL,2026-03-27,8,16.6,0.0,11.2,0
ATL,2026-03-27,9,16.0,0.0,11.3,0
ATL,2026-03-27,10,15.7,0.0,12.3,0
ATL,2026-03-27,11,15.4,0.0,12.9,0
ATL,2026-03-27,12,15.4,0.0,13.1,2
ATL,2026-03-27,13,17.4,0.0,11.4,0
ATL,2026-03-27,14,20.2,0.0,12.1,1
ATL,2026-03-27,15,23.0,0.0,18.7,0
ATL,2026-03-27,16,24.7,0.0,15.6,0
ATL,2026-03-27,17,26.4,0.0,14.2,1
ATL,2026-03-27,18,26.8,0.0,12.3,3
ATL,2026-03-27,19,27.8,0.0,13.6,2
ATL,2026-03-27,20,28.3,0.0,14.8,2
ATL,2026-03-27,21,28.6,0.0,15.7,3
ATL,2026-03-27,22,28.4,0.0,16.2,2
ATL,2026-03-27,23,27.2,0.0,15.8,3
ATL,2026-03-28,0,24.7,0.0,16.1,2
ATL,2026-03-28,1,22.0,0.0,23.2,0
ATL,2026-03-28,2,19.5,0.0,21.5,0
ATL,2026-03-28,3,17.7,0.0,21.2,0
ATL,2026-03-28,4,15.8,0.0,22.5,0
ATL,2026-03-28,5,14.2,0.0,22.4,1
ATL,2026-03-28,6,13.6,0.0,22.8,1
ATL,2026-03-28,7,12.1,0.0,21.6,2
ATL,2026-03-28,8,10.9,0.0,21.1,3
ATL,2026-03-28,9,10.2,0.0,22.0,3
ATL,2026-03-28,10,9.4,0.0,20.6,3
ATL,2026-03-28,11,8.8,0.0,18.8,3
ATL,2026-03-28,12,8.6,0.0,17.9,3
ATL,2026-03-28,13,9.4,0.0,16.7,0
ATL,2026-03-28,14,11.1,0.0,14.8,1
ATL,2026-03-28,15,13.4,0.0,12.6,0
ATL,2026-03-28,16,16.1,0.0,12.0,0
ATL,2026-03-28,17,18.0,0.0,13.8,0
ATL,2026-03-28,18,19.1,0.0,9.7,0
ATL,2026-03-28,19,20.0,0.0,13.2,0
ATL,2026-03-28,20,20.1,0.0,14.7,0
ATL,2026-03-28,21,20.1,0.0,15.0,0
ATL,2026-03-28,22,19.4,0.0,15.6,0
ATL,2026-03-28,23,18.3,0.0,15.2,0
ATL,2026-03-29,0,16.8,0.0,11.7,0
ATL,2026-03-29,1,15.3,0.0,13.7,0
ATL,2026-03-29,2,14.0,0.0,16.1,0
ATL,2026-03-29,3,12.8,0.0,17.0,0
ATL,2026-03-29,4,11.7,0.0,16.6,0
ATL,2026-03-29,5,11.0,0.0,17.6,0
ATL,2026-03-29,6,9.7,0.0,17.1,0
ATL,2026-03-29,7,8.6,0.0,16.3,0
ATL,2026-03-29,8,7.9,0.0,15.7,0
ATL,2026-03-29,9,7.3,0.0,15.5,0
ATL,2026-03-29,10,6.8,0.0,15.0,0
ATL,2026-03-29,11,6.4,0.0,14.8,0
ATL,2026-03-29,12,6.6,0.0,15.3,0
ATL,2026-03-29,13,7.7,0.0,14.8,0
ATL,2026-03-29,14,10.0,0.0,15.5,1
ATL,2026-03-29,15,12.2,0.0,16.6,3
ATL,2026-03-29,16,13.8,0.0,15.8,2
ATL,2026-03-29,17,15.6,0.0,15.5,3
ATL,2026-03-29,18,15.4,0.0,14.4,3
ATL,2026-03-29,19,15.9,0.0,14.5,2
ATL,2026-03-29,20,16.6,0.0,14.8,3
ATL,2026-03-29,21,16.9,0.0,15.3,1
ATL,2026-03-29,22,17.3,0.0,13.6,0
ATL,2026-03-29,23,18.3,0.0,16.2,3
ATL,2026-03-30,0,16.0,0.0,9.6,3
ATL,2026-03-30,1,15.7,0.0,7.7,3
ATL,2026-03-30,2,15.4,0.0,7.1,3
ATL,2026-03-30,3,15.1,0.0,6.5,3
ATL,2026-03-30,4,15.1,0.0,7.9,3
ATL,2026-03-30,5,15.0,0.0,10.2,2
ATL,2026-03-30,6,15.1,0.0,12.4,3
ATL,2026-03-30,7,14.6,0.0,12.5,3
ATL,2026-03-30,8,14.3,0.0,11.3,3
ATL,2026-03-30,9,14.1,0.0,10.8,3
ATL,2026-03-30,10,13.5,0.0,10.2,3
ATL,2026-03-30,11,13.3,0.0,8.8,3
ATL,2026-03-30,12,13.9,0.2,8.9,51
ATL,2026-03-30,13,14.6,0.0,9.0,3
ATL,2026-03-30,14,16.2,0.0,11.1,3
ATL,2026-03-30,15,17.8,0.0,12.1,1
ATL,2026-03-30,16,20.1,0.0,13.4,0
ATL,2026-03-30,17,22.0,0.0,12.6,2
ATL,2026-03-30,18,20.6,0.1,8.3,51
ATL,2026-03-30,19,22.0,0.0,9.4,3
ATL,2026-03-30,20,22.5,0.1,10.0,51
ATL,2026-03-30,21,21.8,0.3,10.1,51
ATL,2026-03-30,22,22.3,0.1,11.4,51
ATL,2026-03-30,23,21.8,0.0,10.9,1
ATL,2026-03-31,0,20.1,0.0,9.8,1
ATL,2026-03-31,1,19.1,0.0,9.0,0
ATL,2026-03-31,2,18.5,0.0,10.3,0
ATL,2026-03-31,3,17.9,0.0,10.8,0
ATL,2026-03-31,4,17.3,0.0,10.9,0
ATL,2026-03-31,5,16.8,0.0,11.4,0
ATL,2026-03-31,6,17.3,0.0,11.9,1
ATL,2026-03-31,7,17.1,0.0,11.9,1
ATL,2026-03-31,8,16.5,0.0,12.4,2
ATL,2026-03-31,9,16.0,0.0,12.2,0
ATL,2026-03-31,10,15.5,0.0,12.1,1
ATL,2026-03-31,11,15.3,0.0,11.0,0
ATL,2026-03-31,12,15.2,0.0,9.8,0
ATL,2026-03-31,13,17.5,0.0,7.4,0
ATL,2026-03-31,14,20.2,0.0,6.9,0
ATL,2026-03-31,15,22.9,0.0,9.3,0
ATL,2026-03-31,16,24.6,0.1,13.2,51
ATL,2026-03-31,17,25.8,0.1,12.8,51
ATL,2026-03-31,18,26.3,0.0,12.2,0
ATL,2026-03-31,19,26.8,0.0,12.3,1
ATL,2026-03-31,20,26.8,0.0,11.0,1
ATL,2026-03-31,21,26.8,0.1,11.1,51
ATL,2026-03-31,22,26.5,0.0,10.5,0
ATL,2026-03-31,23,25.3,0.0,11.1,1
